Make,Model,Year,MaintenanceCostYearly
bmw, X3,2017,607.2
skoda, Karoq,2018,359.07
toyota, Hilux,2015,655.78
audi, RS4,2015,859.98
bmw, 5 Series,2004,1264.16
vauxhall, Corsa,2020,500.82
volkswagen, Arteon,2018,435.84
mercedes, E Class,2012,999.23
vauxhall, Antara,2012,585.68
vauxhall, Corsa,2017,388.35
ford, Ka+,2008,508.79
mercedes, B Class,2010,1147.56
mercedes, CLS Class,2015,638.4
toyota, GT86,2020,327.5
audi, A8,2016,641.77
audi, A4,2007,1041.26
toyota, Prius,2017,489.44
volkswagen, Caravelle,2012,619.87
mercedes, C Class,2010,1212.81
skoda, Superb,2014,593.0
skoda, Rapid,2015,512.13
bmw, 7 Series,2013,976.48
ford, C-MAX,2017,515.01
toyota, C-HR,2020,312.09
vauxhall, Vivaro,2016,492.88
audi, S3,2017,808.16
bmw, Z4,2015,668.58
mercedes, S Class,2016,595.98
audi, A3,2005,1204.16
hyundai, I10,2018,556.2
skoda, Roomster,2007,698.64
ford, Fiesta,2060,372.34
volkswagen, Tiguan,2014,682.51
volkswagen, Scirocco,2017,598.16
audi, Q3,2019,730.81
audi, TT,2013,907.63
audi, R8,2007,928.06
hyundai, Santa Fe,2013,621.69
volkswagen, Beetle,2009,826.69
ford, Focus,2009,704.27
mercedes, A Class,2010,1185.75
audi, A5,2018,519.65
audi, RS5,2015,636.71
hyundai, Santa Fe,2020,458.44
volkswagen, Passat,2020,536.84
ford, Ka+,2009,863.61
volkswagen, Beetle,2013,502.83
audi, A5,2011,802.49
volkswagen, Passat,2010,657.36
toyota, Land Cruiser,2014,622.41
audi, Q7,2008,739.16
ford, EcoSport,2017,469.84
ford, Kuga,2015,426.93
mercedes, M Class,2011,1079.4
audi, RS3,2015,536.98
mercedes, CLK,2004,1284.85
vauxhall, Cascada,2015,605.38
bmw, 6 Series,2008,1019.13
skoda, Octavia,2007,836.7
bmw, i3,2014,621.04
volkswagen, Golf,2011,447.06
bmw, 5 Series,2010,797.97
ford, Mustang,2016,518.95
vauxhall, Zafira,2003,812.16
audi, A3,2014,579.12
audi, A6,2010,913.84
bmw, 2 Series,2017,827.47
bmw, 6 Series,2010,1081.91
audi, A6,2019,534.24
bmw, Z4,2008,954.72
hyundai, Tucson,2007,591.42
volkswagen, California,2019,343.18
audi, Q2,2019,495.73
mercedes, SL CLASS,2019,565.87
bmw, 3 Series,2002,1420.43
skoda, Octavia,2016,526.28
audi, TT,2011,888.31
mercedes, A Class,2016,943.73
skoda, Citigo,2013,567.94
volkswagen, Beetle,2014,555.01
ford, Focus,2019,393.52
mercedes, A Class,2012,803.31
vauxhall, Corsa,2012,552.92
volkswagen, Polo,2015,600.09
vauxhall, Mokka X,2019,526.81
audi, A1,2018,579.16
bmw, 2 Series,2020,612.91
ford, Grand Tourneo Connect,2020,336.63
toyota, Avensis,2016,516.28
hyundai, I30,2020,364.64
toyota, Avensis,2007,521.51
vauxhall, Zafira,2019,368.89
vauxhall, Meriva,2011,773.42
bmw, M5,2015,849.47
bmw, M6,2006,1394.36
ford, Mondeo,2018,550.94
ford, S-MAX,2009,760.47
bmw, 8 Series,2019,779.88
mercedes, SLK,2006,956.49
skoda, Fabia,2005,620.23
volkswagen, Polo,2019,375.23
audi, A3,2012,872.11
ford, Fusion,2011,748.12
skoda, Octavia,2005,777.15
hyundai, I10,2017,354.15
audi, RS6,2016,595.43
ford, Ka+,2006,765.33
mercedes, GLS Class,2019,677.82
bmw, X1,2019,646.38
ford, Kuga,2018,339.69
toyota, Verso,2018,523.09
vauxhall, Crossland X,2018,354.58
audi, A4,2009,783.83
audi, SQ7,2016,644.02
skoda, Karoq,2017,547.61
audi, TT,2010,657.17
audi, SQ5,2014,672.3
ford, Edge,2019,358.69
toyota, Auris,2015,657.42
volkswagen, Jetta,2013,415.15
bmw, 6 Series,2017,883.1
volkswagen, Golf,2014,463.76
toyota, GT86,2015,437.35
volkswagen, Polo,2010,506.07
ford, S-MAX,2014,647.2
ford, Fiesta,1998,759.63
mercedes, GLE Class,2015,676.33
mercedes, V Class,2015,757.35
volkswagen, Caddy Life,2019,489.14
ford, S-MAX,2013,480.91
toyota, RAV4,2014,397.24
toyota, Land Cruiser,2019,439.01
volkswagen, CC,2013,461.79
bmw, 1 Series,2007,1337.14
ford, Ka+,2010,751.92
ford, Streetka,2006,872.31
skoda, Octavia,2010,745.34
audi, A4,2008,892.09
ford, S-MAX,2008,573.2
toyota, Yaris,2014,695.93
hyundai, I40,2019,485.84
vauxhall, Zafira,2016,605.07
audi, Q3,2013,739.36
bmw, 5 Series,2006,1235.58
ford, Fusion,2004,943.02
ford, Transit Tourneo,2014,399.45
hyundai, IX20,2018,445.16
mercedes, SL CLASS,2000,1276.87
skoda, Yeti,2010,623.18
volkswagen, Arteon,2017,607.47
mercedes, G Class,2016,672.09
mercedes, CLS Class,2007,1172.32
audi, TT,2016,595.51
bmw, 4 Series,2018,603.7
vauxhall, Agila,2003,776.83
volkswagen, Tiguan,2009,538.27
hyundai, Tucson,2016,422.46
toyota, Avensis,2015,535.57
mercedes, S Class,2005,1294.21
volkswagen, Touran,2004,598.71
volkswagen, CC,2017,581.65
audi, TT,2015,677.98
audi, SQ7,2017,677.13
audi, R8,2015,572.33
ford, Galaxy,2010,593.61
audi, SQ5,2020,485.67
mercedes, S Class,1998,1516.0
vauxhall, Agila,2014,537.08
ford, Mondeo,2014,438.19
audi, TT,2017,801.3
hyundai, IX20,2013,747.65
mercedes, CL Class,2014,1050.22
volkswagen, T-Cross,2020,511.32
bmw, 1 Series,2006,816.09
hyundai, IX35,2012,753.64
volkswagen, Scirocco,2010,596.97
audi, RS3,2016,768.84
bmw, X7,2019,846.73
ford, C-MAX,2013,647.98
mercedes, CLA Class,2019,598.07
audi, A6,2006,915.87
ford, Ka+,2007,533.26
toyota, C-HR,2016,408.8
bmw, Z4,2014,947.11
volkswagen, Tiguan Allspace,2019,456.61
vauxhall, Grandland X,2020,424.68
vauxhall, Insignia,2016,392.01
bmw, 2 Series,2018,764.08
ford, B-MAX,2017,569.55
mercedes, GLS Class,2017,639.57
toyota, Aygo,2010,754.57
audi, TT,2020,450.9
ford, Escort,1996,1184.28
vauxhall, Zafira,2002,862.07
mercedes, G Class,2017,714.31
toyota, Prius,2012,464.33
hyundai, I10,2008,912.61
skoda, Fabia,2016,375.98
vauxhall, Zafira,2013,431.91
toyota, Prius,2008,889.02
ford, Fiesta,2012,495.68
mercedes, CLS Class,2018,749.25
mercedes, B Class,2007,923.61
skoda, Scala,2020,349.24
volkswagen, Golf,2020,486.31
volkswagen, Shuttle,2019,402.2
audi, S5,2013,720.01
ford, C-MAX,2019,374.96
ford, EcoSport,2014,442.65
mercedes, B Class,2013,961.05
bmw, Z4,2004,1120.5
vauxhall, Agila,2009,877.55
volkswagen, Caddy Life,2013,635.18
mercedes, SL CLASS,2010,808.42
toyota, Land Cruiser,2017,385.31
volkswagen, Scirocco,2015,454.31
audi, S5,2011,736.46
bmw, X3,2012,773.53
bmw, 4 Series,2020,817.54
bmw, X3,2011,731.54
ford, Grand Tourneo Connect,2014,395.42
audi, A8,2013,572.37
mercedes, GLC Class,2020,516.86
vauxhall, Astra,2010,577.63
vauxhall, Adam,2016,517.12
ford, Ka+,2019,509.34
volkswagen, Jetta,2012,700.37
bmw, X1,2012,766.44
mercedes, A Class,2006,965.58
vauxhall, Insignia,2017,370.0
audi, S4,2019,553.12
audi, A3,2007,857.83
bmw, 4 Series,2017,780.03
bmw, 1 Series,2014,600.8
audi, TT,2018,507.67
mercedes,180,2014,945.88
toyota, Yaris,2017,598.26
toyota, Land Cruiser,2005,920.52
toyota, Camry,2020,445.15
ford, B-MAX,2016,436.82
bmw, 6 Series,2018,885.88
bmw, X3,2007,1285.46
mercedes, GLE Class,2016,860.47
volkswagen, Sharan,2015,617.36
ford, Fiesta,2010,519.94
skoda, Octavia,2019,472.11
vauxhall, Astra,2013,687.62
volkswagen, Touran,2014,470.64
bmw, 1 Series,2015,940.8
toyota, Avensis,2004,767.24
volkswagen, Tiguan,2020,357.03
hyundai, I800,2016,566.92
mercedes, CL Class,2013,776.23
toyota, Verso,2009,565.64
vauxhall, Insignia,2010,473.83
ford, Puma,2002,1091.76
volkswagen, Amarok,2017,524.36
bmw, 2 Series,2016,683.23
ford, B-MAX,2012,440.44
toyota, C-HR,2018,585.48
vauxhall, Meriva,2016,551.73
vauxhall, Combo Life,2020,535.95
volkswagen, Touareg,2013,508.57
bmw, X3,2014,975.01
ford, Fiesta,2007,861.7
mercedes, B Class,2009,1105.31
vauxhall, Corsa,2019,593.96
audi, Q5,2013,823.85
mercedes, B Class,2019,633.3
ford, Mustang,2020,570.48
toyota, Verso,2003,741.09
toyota, Hilux,2020,374.85
volkswagen, Scirocco,2018,569.43
volkswagen, Touran,2017,495.5
audi, A7,2015,528.5
ford, Ka+,2014,584.03
toyota, Land Cruiser,1998,971.32
volkswagen, Sharan,2013,627.53
bmw, 1 Series,2004,982.74
skoda, Yeti Outdoor,2016,510.47
ford, Tourneo Custom,2018,415.23
toyota, Aygo,2014,503.93
ford, Mondeo,2015,399.96
hyundai, I10,2015,601.33
skoda, Scala,2019,541.61
volkswagen, Beetle,2001,662.85
audi, RS4,2020,541.92
bmw, Z4,2009,752.17
mercedes, G Class,2018,685.89
vauxhall, Viva,2016,549.07
toyota, Prius,2015,526.29
volkswagen, Scirocco,2008,683.45
vauxhall, Zafira Tourer,2014,650.35
audi, RS4,2018,783.53
bmw, X5,2009,1060.49
bmw, 7 Series,2007,831.34
toyota, Aygo,2007,786.28
mercedes, GLB Class,2020,484.4
volkswagen, California,2018,511.12
audi, Q7,2012,921.44
bmw, X6,2014,933.14
ford, B-MAX,2013,643.89
hyundai, I10,2014,579.22
bmw, M3,2015,1005.03
ford, Ranger,2013,573.72
mercedes, B Class,2016,725.53
vauxhall, Mokka,2013,654.86
toyota, Verso,2011,558.34
vauxhall, Corsa,2010,514.38
audi, A6,2018,750.86
ford, Fiesta,2016,391.58
toyota, RAV4,2004,639.98
volkswagen, Passat,2012,780.44
audi, Q5,2009,849.55
vauxhall, Adam,2018,371.22
volkswagen, Golf SV,2014,543.39
bmw, M4,2018,571.41
mercedes, E Class,2001,1023.41
volkswagen, Amarok,2018,485.63
vauxhall, Crossland X,2020,540.1
audi, A3,2017,681.62
audi, A5,2010,813.64
ford, Fiesta,2015,442.32
vauxhall, Corsa,2011,685.72
vauxhall, Mokka,2016,636.95
volkswagen, Caravelle,2019,569.02
audi, Q5,2010,728.49
bmw, M3,2019,646.04
hyundai, Getz,2007,596.64
mercedes, E Class,2006,1390.82
hyundai, Santa Fe,2015,516.78
skoda, Fabia,2017,408.52
audi, SQ5,2016,718.06
mercedes, A Class,2013,879.08
toyota, Aygo,2019,547.13
vauxhall, Combo Life,2019,551.28
volkswagen, CC,2012,603.47
mercedes, GL Class,2015,654.45
skoda, Yeti,2013,692.2
volkswagen, Up,2020,433.76
ford, Galaxy,2005,635.71
hyundai, I30,2009,596.76
volkswagen, Beetle,2007,644.32
ford, Grand C-MAX,2016,572.89
hyundai, I800,2019,461.64
hyundai, I30,2008,901.46
skoda, Octavia,2018,349.22
mercedes, SL CLASS,2020,652.18
mercedes, E Class,2008,1206.69
bmw, i3,2017,621.32
volkswagen, Caddy,2015,442.2
volkswagen, Arteon,2019,369.33
audi, A4,2015,626.49
audi, RS5,2018,647.05
bmw, X5,2018,808.27
bmw, M6,2014,942.73
ford, Mustang,2017,600.68
audi, A1,2014,720.25
audi, A8,2018,703.22
bmw, M5,2012,789.43
ford, Galaxy,2018,521.07
audi, A5,2014,919.93
mercedes, C Class,2011,919.38
volkswagen, Tiguan,2019,334.64
audi, Q3,2017,670.06
toyota, IQ,2012,635.95
bmw, Z4,2016,888.07
vauxhall, Zafira,1970,3319.8
volkswagen, Caravelle,2013,520.41
audi, A3,2016,534.58
bmw, Z3,1997,1848.86
skoda, Fabia,2008,639.47
skoda, Octavia,2009,685.63
volkswagen, Eos,2015,530.43
mercedes, SL CLASS,2001,1492.37
volkswagen, CC,2014,683.2
ford, S-MAX,2019,382.2
bmw, 1 Series,2020,650.0
hyundai, I30,2011,648.56
mercedes, SL CLASS,2018,826.51
toyota, RAV4,2008,741.15
toyota, Aygo,2009,796.76
audi, A5,2015,771.68
audi, Q5,2011,617.11
mercedes, GLA Class,2018,506.3
mercedes, A Class,2007,1181.58
bmw, X3,2018,606.83
skoda, Yeti Outdoor,2018,376.0
volkswagen, Up,2014,690.86
volkswagen, Caddy Maxi Life,2019,334.66
volkswagen, Scirocco,2014,446.47
bmw, 5 Series,2003,1398.62
ford, Mondeo,2013,415.86
mercedes, SL CLASS,2015,967.61
vauxhall, Antara,2008,821.43
audi, A8,2019,482.22
hyundai, Kona,2018,382.33
mercedes, GLA Class,2017,783.48
toyota, Corolla,2004,729.66
audi, Q7,2016,739.09
ford, Tourneo Custom,2019,362.89
hyundai, IX20,2019,359.6
vauxhall, Astra,2017,457.58
audi, A8,2014,776.2
skoda, Roomster,2011,713.71
volkswagen, Sharan,2001,881.9
toyota, Land Cruiser,2015,466.63
audi, TT,2008,936.26
ford, Ka+,2018,508.71
mercedes, CLS Class,2016,602.5
skoda, Yeti Outdoor,2014,586.55
ford, Tourneo Connect,2017,408.64
volkswagen, Polo,2007,831.9
bmw, Z3,1998,1474.91
mercedes, SLK,2001,1348.0
vauxhall, Cascada,2014,487.78
volkswagen, Passat,2019,522.66
bmw, X1,2011,974.49
volkswagen, Golf,2006,580.09
ford, Mondeo,2017,358.61
volkswagen, Sharan,2016,417.8
volkswagen, Beetle,2012,766.58
volkswagen, Jetta,2016,457.84
hyundai, I30,2013,621.12
hyundai, I10,2009,648.82
skoda, Citigo,2014,625.15
vauxhall, Zafira Tourer,2012,638.79
audi, R8,2019,445.01
ford, Kuga,2010,651.55
mercedes,220,2018,646.5
volkswagen, Tiguan,2010,664.93
audi, Q2,2020,451.57
audi, Q7,2009,999.08
bmw, M4,2015,726.17
ford, Fiesta,2000,1240.93
vauxhall, Insignia,2012,643.33
hyundai, Tucson,2015,382.71
hyundai, I30,2019,395.04
toyota, Auris,2017,503.13
vauxhall, Meriva,2012,668.24
skoda, Fabia,2018,355.1
toyota, Verso,2012,507.24
vauxhall, Astra,2018,441.35
toyota, PROACE VERSO,2019,407.26
volkswagen, Golf,2004,871.81
mercedes, B Class,2011,669.48
toyota, Verso,2014,683.46
volkswagen, Jetta,2017,640.05
bmw, X6,2013,884.36
ford, Ka+,2013,723.75
hyundai, I30,2015,561.72
vauxhall, Mokka,2017,357.46
bmw, Z4,2003,1272.29
ford, Galaxy,2017,481.74
volkswagen, Polo,2020,372.39
ford, Focus,2010,542.64
mercedes, M Class,2015,805.45
mercedes, V Class,2018,709.48
mercedes, G Class,2013,818.71
ford, Kuga,2012,433.06
mercedes, G Class,2015,720.69
skoda, Superb,2012,609.29
volkswagen, Caravelle,2016,534.61
bmw, 6 Series,2019,705.48
ford, Kuga,2013,450.43
ford, Mondeo,2020,523.55
vauxhall, GTC,2015,543.86
audi, A6,2004,1227.07
mercedes, M Class,2007,864.82
mercedes, CLS Class,2011,1169.78
ford, S-MAX,2018,358.39
mercedes, SL CLASS,2011,848.1
mercedes, S Class,2020,746.89
volkswagen, Polo,2005,805.53
bmw, 5 Series,2007,786.55
hyundai, Santa Fe,2016,499.76
volkswagen, T-Roc,2018,519.07
volkswagen, Tiguan,2012,527.23
audi, A4,2013,594.04
audi, A8,1997,1225.3
bmw, X4,2020,622.89
bmw, 4 Series,2013,721.7
bmw, 3 Series,2009,1268.31
mercedes, SLK,2015,640.56
skoda, Roomster,2009,570.16
toyota, Urban Cruiser,2012,650.62
ford, Grand C-MAX,2014,478.6
vauxhall, Zafira,2006,818.57
volkswagen, Amarok,2016,416.86
vauxhall, Zafira,2009,730.67
volkswagen, Eos,2011,668.15
vauxhall, Astra,2015,625.05
volkswagen, Golf,2019,527.86
bmw, X5,2014,750.67
bmw, 3 Series,2010,1130.48
ford, Mondeo,2011,484.8
skoda, Superb,2013,449.46
vauxhall, Corsa,2014,671.62
vauxhall, Crossland X,2019,501.94
vauxhall, Vectra,2005,618.47
mercedes, GLA Class,2019,659.62
mercedes, E Class,2013,802.17
mercedes, E Class,2009,1143.0
skoda, Citigo,2012,776.42
ford, Puma,2019,445.51
ford, Galaxy,2012,594.32
vauxhall, Meriva,2017,539.09
volkswagen, Beetle,2017,365.45
bmw, 4 Series,2015,623.84
ford, Ka+,2011,639.42
toyota, Auris,2010,667.29
vauxhall, Mokka X,2018,448.34
skoda, Roomster,2012,611.73
volkswagen, Caravelle,2015,621.69
volkswagen, Caddy Maxi,2015,410.21
volkswagen, Beetle,2003,1104.33
bmw, X5,2013,946.54
bmw, 3 Series,2011,823.54
ford, Focus,2006,575.12
toyota, Auris,2008,889.51
audi, Q3,2018,762.8
vauxhall, Mokka,2014,630.94
volkswagen, Touran,2007,926.98
ford, Mustang,2018,386.78
toyota, Avensis,2013,467.16
bmw, Z4,2010,1091.91
hyundai, Amica,2007,615.13
mercedes, B Class,2014,834.74
toyota, Aygo,2017,406.36
toyota, Prius,2018,546.95
volkswagen, Passat,2013,612.51
volkswagen, Tiguan Allspace,2018,524.04
audi, RS3,2013,564.2
bmw, 1 Series,2017,595.69
bmw, 1 Series,2013,981.02
ford, Fusion,2007,608.69
volkswagen, Touran,2018,354.17
audi, A5,2020,446.36
bmw, 3 Series,2005,1079.23
toyota, Yaris,2016,596.46
toyota, Yaris,2010,591.02
volkswagen, Polo,2011,555.82
ford, C-MAX,2010,733.45
hyundai, Santa Fe,2002,948.22
mercedes, C Class,2017,550.22
toyota, RAV4,2013,457.37
bmw, 5 Series,2009,1021.7
skoda, Fabia,2006,760.72
toyota, Verso,2017,625.87
vauxhall, Adam,2014,457.97
vauxhall, Kadjar,2018,497.37
volkswagen, Beetle,2016,639.95
audi, A3,2013,921.65
audi, A5,2013,864.84
bmw, M2,2016,853.14
vauxhall, Agila,2015,593.46
vauxhall, Zafira,2010,585.43
volkswagen, T-Roc,2020,344.93
ford, Grand Tourneo Connect,2017,519.5
ford, Ka+,2016,383.47
mercedes, SLK,2012,959.49
toyota, Yaris,2005,601.32
bmw, X3,2020,636.41
mercedes, CLK,2003,1345.1
mercedes, SL CLASS,1998,1703.94
volkswagen, California,2020,433.59
bmw, X5,2020,632.15
ford, Ka+,2017,549.98
hyundai, I10,2016,365.36
toyota, Auris,2014,543.93
toyota, Avensis,2006,774.18
volkswagen, Passat,2016,466.42
bmw, M3,2016,622.5
mercedes, E Class,2017,721.28
mercedes, SL CLASS,2002,1597.78
audi, A3,2009,996.9
toyota, Yaris,2013,419.13
toyota, GT86,2019,468.0
toyota, C-HR,2019,377.37
volkswagen, Tiguan,2008,889.8
volkswagen, Touareg,2014,507.96
mercedes,200,2018,766.81
mercedes, C Class,2004,1354.75
skoda, Citigo,2017,635.38
toyota, GT86,2017,615.33
audi, A5,2019,677.55
bmw, M3,2004,1387.79
ford, Mondeo,2002,872.92
ford, Fusion,2009,652.31
audi, A6,2020,615.8
skoda, Octavia,2017,469.22
toyota, Prius,2011,675.23
volkswagen, Sharan,2006,647.47
volkswagen, Touran,2012,619.7
volkswagen, Eos,2012,474.53
audi, A6,2012,817.68
bmw, 7 Series,2014,850.53
mercedes, S Class,2014,965.19
mercedes, C Class,2012,1119.45
volkswagen, Tiguan,2013,751.34
bmw, 5 Series,2002,971.16
ford, Grand C-MAX,2017,463.56
mercedes, CLS Class,2020,520.84
vauxhall, Insignia,2018,496.89
bmw, 7 Series,2020,546.26
bmw, X1,2010,871.59
ford, Kuga,2020,542.82
volkswagen, T-Cross,2019,532.49
mercedes, CL Class,2016,584.21
skoda, Fabia,2014,696.19
audi, TT,2009,921.02
mercedes, CLS Class,2013,747.43
bmw, M3,2009,1122.7
mercedes, S Class,2010,739.87
skoda, Fabia,2012,451.52
bmw, 5 Series,2016,753.62
toyota, Prius,2016,509.23
mercedes, SLK,2002,1466.51
hyundai, Tucson,2018,584.09
mercedes, C Class,2014,726.89
vauxhall, Kadjar,2019,380.9
volkswagen, Touran,2013,452.52
skoda, Yeti,2012,672.03
audi, Q3,2011,626.95
ford, Kuga,2017,489.07
mercedes, A Class,2011,706.85
mercedes, M Class,2009,997.35
audi, Q7,2019,508.76
audi, A7,2011,978.83
bmw, M4,2020,476.05
bmw, 5 Series,2000,1395.61
vauxhall, Meriva,2007,731.88
mercedes, SL CLASS,1997,1958.19
toyota, Aygo,2011,454.21
audi, A4,2018,585.73
bmw, X3,2013,1081.51
bmw, 3 Series,2018,841.75
hyundai, I40,2018,439.98
ford, Galaxy,2013,556.0
mercedes, V Class,2016,662.35
toyota, Verso,2015,495.51
vauxhall, Zafira Tourer,2016,374.8
hyundai, I20,2020,502.77
hyundai, Tucson,2020,470.22
toyota, RAV4,2003,1112.03
toyota, Auris,2012,677.58
mercedes, S Class,2019,780.13
volkswagen, Eos,2008,628.12
audi, S3,2003,1120.89
bmw, 3 Series,2020,697.19
mercedes, SL CLASS,2014,849.91
vauxhall, Zafira Tourer,2017,638.8
audi, A3,2011,755.95
bmw, 6 Series,2016,719.09
ford, Tourneo Connect,2020,460.23
mercedes, GL Class,2014,647.51
audi, Q7,2017,667.92
volkswagen, Scirocco,2012,595.32
volkswagen, CC,2015,691.42
bmw, M4,2019,782.52
bmw, X4,2014,819.16
ford, Tourneo Custom,2016,585.29
ford, Tourneo Connect,2019,552.03
mercedes, GLA Class,2016,930.92
mercedes, B Class,2017,702.83
toyota, RAV4,2009,626.32
ford, S-MAX,2007,739.41
mercedes, SLK,2016,812.97
mercedes, C Class,2005,1236.12
ford, Edge,2017,415.6
hyundai, IX35,2016,619.37
toyota, Supra,2019,401.07
volkswagen, Golf,2002,1032.25
audi, R8,2008,756.21
bmw, X5,2017,767.25
bmw, i3,2015,868.25
bmw, 3 Series,2012,854.79
volkswagen, Golf SV,2016,447.59
volkswagen, Caddy Maxi Life,2020,375.52
mercedes, C Class,2015,633.24
mercedes, V Class,2019,499.73
toyota, Corolla,2019,584.24
toyota, Yaris,2003,940.38
audi, A2,2003,989.15
bmw, M2,2018,625.68
volkswagen, Caddy Maxi,2017,438.31
audi, R8,2020,657.44
bmw, Z4,2017,707.8
ford, B-MAX,2014,595.95
hyundai, I30,2007,932.2
mercedes, GL Class,2007,1332.18
bmw, M2,2020,809.67
volkswagen, Amarok,2020,373.31
bmw, i8,2015,679.95
ford, S-MAX,2010,523.08
volkswagen, Touareg,2009,560.66
volkswagen, Amarok,2019,481.67
audi, A4,2016,741.29
hyundai, I40,2017,585.66
toyota, Hilux,2019,542.75
vauxhall, Meriva,2013,541.04
volkswagen, Sharan,2011,758.33
audi, RS6,2020,672.34
ford, Grand Tourneo Connect,2018,539.79
hyundai, Santa Fe,2018,406.53
mercedes, CL Class,2017,601.18
volkswagen, Scirocco,2009,535.51
vauxhall, Astra,1997,1256.64
volkswagen, Caravelle,2014,470.4
volkswagen, Caravelle,2005,959.93
audi, S4,2017,495.35
ford, Streetka,2005,1013.21
hyundai, I20,2018,571.9
mercedes, E Class,2014,872.07
mercedes, A Class,2014,862.76
mercedes, C Class,2008,814.22
toyota, GT86,2013,442.15
toyota, Verso-S,2012,770.2
hyundai, IX35,2010,704.25
mercedes, B Class,2015,633.59
vauxhall, Grandland X,2017,608.52
volkswagen, Passat,2011,699.53
mercedes, B Class,2005,1150.66
skoda, Octavia,2020,355.3
toyota, Prius,2010,781.56
bmw, Z4,2012,1039.05
ford, Ka+,2018,611.6
hyundai, Ioniq,2018,614.79
mercedes, X-CLASS,2019,801.15
ford, Fusion,2005,833.21
bmw, X5,2010,1221.53
mercedes, C Class,2002,1485.32
vauxhall, Agila,2008,654.64
hyundai, I800,2018,405.5
vauxhall, Insignia,2020,439.71
audi, RS3,2017,634.71
bmw, 1 Series,2005,1300.03
toyota, Aygo,2020,423.17
volkswagen, Touareg,2016,532.17
volkswagen, Touran,2006,621.53
bmw, X6,2016,950.33
bmw, 6 Series,2006,929.51
ford, S-MAX,2011,779.71
mercedes, E Class,2010,868.37
bmw, 2 Series,2019,526.8
bmw, X7,2020,778.81
ford, Focus,2003,1055.34
toyota, Yaris,2006,866.94
toyota, Land Cruiser,2018,402.48
volkswagen, Amarok,2015,663.29
bmw, 3 Series,2019,662.21
ford, Fiesta,2004,736.93
mercedes, C Class,2019,721.93
skoda, Superb,2020,546.96
audi, Q5,2018,480.2
volkswagen, Fox,2007,646.52
audi, RS3,2020,529.47
volkswagen, Tiguan,2015,445.51
vauxhall, Viva,2015,421.86
vauxhall, Meriva,2010,688.28
bmw, 5 Series,2019,796.22
ford, Tourneo Connect,2015,445.61
ford, Mondeo,2012,427.75
ford, Fusion,2008,505.96
audi, A3,2015,576.69
ford, Fiesta,2014,442.02
toyota, Land Cruiser,2006,598.21
volkswagen, Shuttle,2017,642.24
bmw, 3 Series,1999,1436.92
volkswagen, Jetta,2011,713.23
volkswagen, Golf,2012,498.59
audi, A7,2014,708.44
bmw, X3,2019,536.85
bmw, 3 Series,2001,1571.92
hyundai, Tucson,2009,592.57
audi, Q7,2011,813.24
toyota, Verso-S,2011,595.92
audi, R8,2013,697.48
ford, Ka+,2019,381.13
bmw, i8,2018,767.41
mercedes, C Class,2007,871.67
mercedes, CLA Class,2018,888.89
skoda, Fabia,2009,589.32
ford, S-MAX,2015,447.45
vauxhall, Corsa,2016,662.48
mercedes, E Class,2005,1229.47
skoda, Kodiaq,2019,349.98
vauxhall, Ampera,2015,534.54
audi, Q5,2014,784.59
mercedes, X-CLASS,2020,640.93
volkswagen, Tiguan Allspace,2020,399.66
mercedes, C Class,2009,935.86
bmw, X3,2006,933.37
ford, Focus,2015,535.5
toyota, Prius,2019,581.23
toyota, RAV4,2018,478.6
bmw, 5 Series,2014,900.63
bmw, 1 Series,2019,613.3
toyota, Land Cruiser,2013,561.89
audi, A6,2015,834.31
mercedes, SLK,2010,813.22
volkswagen, Caddy,2017,419.61
volkswagen, Eos,2014,576.7
bmw, 7 Series,2019,619.09
bmw, Z4,2020,747.0
bmw, X5,2012,726.07
vauxhall, Corsa,2008,744.91
audi, Q7,2014,878.47
audi, Q5,2008,949.85
mercedes, S Class,2001,1069.72
audi, Q3,2012,858.41
hyundai, I30,2016,467.39
hyundai, I40,2016,647.33
vauxhall, Vivaro,2015,407.0
toyota, RAV4,2011,793.24
toyota, Yaris,2000,1089.09
toyota, C-HR,2017,502.77
volkswagen, Caddy Maxi,2012,558.09
audi, Q7,2020,453.72
mercedes, C Class,2016,717.84
mercedes, CLA Class,2013,1011.86
skoda, Fabia,2015,554.76
bmw, 3 Series,2015,573.53
volkswagen, Golf SV,2020,560.23
ford, Grand Tourneo Connect,2015,602.09
vauxhall, Vectra,2007,691.04
toyota, Avensis,2012,461.72
vauxhall, Zafira,2017,457.74
audi, A8,2011,1015.36
hyundai, Ioniq,2019,533.33
mercedes, V Class,2020,600.98
toyota, IQ,2009,877.02
vauxhall, Viva,2018,494.22
audi, S4,2007,861.82
audi, A3,2010,993.89
mercedes, SLK,2003,1179.48
vauxhall, Zafira Tourer,2013,697.54
bmw, i8,2019,652.84
toyota, GT86,2016,527.76
toyota, Corolla,2003,889.19
skoda, Octavia,2012,613.21
toyota, RAV4,2007,864.9
mercedes, SL CLASS,2017,552.21
audi, Q8,2020,564.2
vauxhall, Meriva,2014,511.75
audi, A4,2012,759.05
vauxhall, Insignia,2015,654.58
ford, Ka+,2017,509.4
ford, Focus,2007,764.28
mercedes, SLK,2000,1114.44
toyota, Avensis,2009,874.37
audi, A1,2013,553.11
audi, RS5,2014,705.61
audi, A5,2012,803.87
bmw, i3,2016,758.58
vauxhall, Astra,2014,595.16
volkswagen, Fox,2009,645.24
ford, Fiesta,2009,543.0
ford, Focus,2014,645.03
ford, Kuga,2009,493.23
toyota, Yaris,2011,656.73
vauxhall, Antara,2009,484.18
volkswagen, Touareg,2018,502.05
toyota, PROACE VERSO,2020,430.41
toyota, Urban Cruiser,2011,742.58
bmw, 5 Series,2018,792.79
ford, Tourneo Connect,2018,576.46
hyundai, Santa Fe,2006,729.54
mercedes, CL Class,2018,864.19
mercedes, CLA Class,2015,704.15
volkswagen, Arteon,2020,387.02
audi, A5,2009,1097.62
ford, Galaxy,2007,547.28
hyundai, I10,2019,387.91
hyundai, Ioniq,2016,659.07
bmw, 4 Series,2019,624.71
hyundai, I10,2011,451.48
mercedes, A Class,2015,900.57
vauxhall, Adam,2017,517.66
volkswagen, Up,2013,426.01
volkswagen, Scirocco,2016,580.08
volkswagen, Touareg,2017,605.01
audi, Q3,2016,550.72
audi, S5,2014,763.66
mercedes, A Class,2019,547.54
vauxhall, Corsa,2004,795.09
mercedes, GLC Class,2018,539.66
skoda, Rapid,2013,519.44
vauxhall, Corsa,2003,1100.54
vauxhall, Crossland X,2017,633.67
ford, Fiesta,2011,703.0
ford, Focus,2008,551.52
toyota, Hilux,2016,540.94
vauxhall, Corsa,2009,796.23
ford, Puma,2020,549.75
volkswagen, Sharan,2020,467.54
ford, S-MAX,2016,563.28
ford, C-MAX,2009,504.15
hyundai, I20,2009,749.91
volkswagen, Touran,2015,693.23
volkswagen, Touran,2010,756.27
hyundai, Kona,2019,514.65
mercedes, A Class,2020,671.32
mercedes, CLC Class,2010,785.3
vauxhall, Astra,2004,633.26
toyota, Hilux,2014,449.73
bmw, 3 Series,2017,835.94
ford, B-MAX,2015,695.18
ford, Ka+,2016,516.71
mercedes, CLA Class,2014,1009.46
mercedes, GLE Class,2019,518.17
mercedes, GLS Class,2018,729.08
volkswagen, Golf,2013,424.43
audi, RS6,2017,470.24
mercedes, SLK,2004,1046.71
mercedes, GLA Class,2015,898.08
bmw, 5 Series,2015,747.01
vauxhall, Antara,2013,528.17
volkswagen, Scirocco,2011,472.23
hyundai, Kona,2017,611.64
toyota, Corolla,2005,676.52
volkswagen, Amarok,2013,698.5
vauxhall, GTC,2017,505.51
bmw, 3 Series,2014,894.35
bmw, X6,2018,873.1
bmw, 3 Series,2008,1124.87
mercedes, M Class,2004,974.4
audi, RS6,2014,729.96
bmw, Z3,2001,1632.08
mercedes, GLC Class,2016,831.71
mercedes, GL Class,2013,1031.09
ford, Galaxy,2019,441.81
mercedes, S Class,2011,691.55
toyota, RAV4,2005,566.41
toyota, Prius,2009,498.27
ford, Mondeo,2016,620.04
ford, Focus,2005,616.46
toyota, Prius,2014,593.32
vauxhall, Antara,2007,696.24
audi, S4,2005,749.79
bmw, 5 Series,2011,713.51
hyundai, IX35,2015,636.81
skoda, Superb,2018,380.13
mercedes, X-CLASS,2018,897.18
volkswagen, Jetta,2015,539.21
audi, A7,2019,617.8
mercedes, S Class,2017,831.96
vauxhall, Antara,2014,618.71
volkswagen, Tiguan,2011,483.03
vauxhall, Viva,2019,428.76
vauxhall, Zafira,2011,796.18
vauxhall, Agila,2011,503.7
mercedes, SL CLASS,2005,1292.71
toyota, Yaris,2008,634.32
volkswagen, Polo,2018,503.21
vauxhall, Combo Life,2018,591.18
audi, RS6,2015,750.83
audi, S3,2018,772.26
audi, RS7,2014,678.34
ford, Fusion,2006,756.98
audi, A7,2016,575.59
bmw, Z4,2006,855.6
vauxhall, Zafira Tourer,2015,692.82
volkswagen, Caddy,2012,487.88
bmw, X1,2018,526.03
vauxhall, Mokka X,2016,488.81
vauxhall, Vivaro,2017,409.39
vauxhall, Cascada,2013,738.29
audi, S4,2020,628.22
ford, Fiesta,2013,590.23
mercedes, CLA Class,2020,627.96
audi, A5,2016,673.3
bmw, 8 Series,2018,704.95
audi, Q5,2020,576.5
bmw, 7 Series,2008,778.38
ford, Mondeo,2005,775.35
bmw, 5 Series,2012,1110.6
audi, S3,2014,625.43
audi, TT,2004,801.5
mercedes, A Class,2018,621.42
bmw, i8,2016,910.52
bmw, 6 Series,2012,710.25
volkswagen, Golf,2005,800.03
mercedes, E Class,2018,836.96
skoda, Karoq,2019,434.15
toyota, RAV4,2020,379.29
volkswagen, Scirocco,2013,474.71
audi, SQ5,2018,649.5
ford, EcoSport,2015,633.78
hyundai, Santa Fe,2017,446.7
volkswagen, Golf,2016,386.64
ford, Tourneo Custom,2017,584.72
toyota, RAV4,2016,366.15
toyota, Avensis,2018,468.12
volkswagen, Touran,2008,788.5
bmw, X6,2011,981.16
vauxhall, Meriva,2015,421.32
volkswagen, Beetle,2005,661.32
bmw, 4 Series,2014,887.35
bmw, 4 Series,2016,683.31
volkswagen, Polo,2017,435.1
hyundai, I20,2013,468.14
toyota, Camry,2019,514.64
bmw, X4,2017,774.92
bmw, X4,2018,511.11
skoda, Octavia,2015,650.15
toyota, Corolla,2007,724.06
bmw, M2,2019,679.93
ford, C-MAX,2006,852.53
volkswagen, Golf,2007,828.01
bmw, i8,2014,636.17
ford, EcoSport,2019,415.2
hyundai, I30,2014,517.88
hyundai, Ioniq,2017,562.94
audi, A4,2014,575.79
audi, A8,2020,620.72
audi, A1,2012,705.34
bmw, Z4,2019,649.14
mercedes, S Class,2013,765.0
ford, Fiesta,2017,618.69
hyundai, IX20,2010,662.19
audi, A3,2018,637.93
ford, S-MAX,2006,596.61
bmw, 6 Series,2013,1044.45
ford, Kuga,2011,774.38
skoda, Rapid,2019,449.41
volkswagen, Touran,2016,426.43
audi, A1,2016,708.9
audi, TT,2012,918.63
audi, S8,2015,736.07
audi, A3,2003,1333.56
bmw, M3,2005,998.26
mercedes, V Class,2013,843.85
mercedes, E Class,2011,731.3
toyota, Avensis,2010,765.96
volkswagen, Golf SV,2015,683.11
skoda, Kamiq,2019,396.07
vauxhall, Tigra,2006,713.63
volkswagen, Golf,2018,460.02
bmw, Z4,2011,819.62
ford, Mondeo,2010,643.96
skoda, Fabia,2019,517.96
audi, A7,2017,553.41
audi, S4,2004,904.47
audi, S8,2017,785.81
bmw, X1,2015,835.63
skoda, Octavia,2013,628.97
vauxhall, Mokka,2015,687.49
audi, Q7,2015,658.63
audi, RS3,2018,660.55
audi, Q2,2016,763.57
ford, Mustang,2019,514.31
audi, A1,2015,767.78
audi, R8,2018,633.22
vauxhall, Zafira,2018,337.94
volkswagen, Passat,2015,425.0
bmw, 3 Series,2013,660.62
volkswagen, Golf,2015,687.67
bmw, M3,2010,848.97
hyundai, Veloster,2013,527.91
volkswagen, Up,2017,577.17
bmw, 1 Series,2010,1076.57
hyundai, Accent,2000,1176.55
bmw, Z4,2013,925.82
hyundai, IX20,2011,625.87
skoda, Citigo,2016,522.03
audi, A3,2019,500.1
bmw, M5,2019,646.71
toyota, Yaris,2009,724.19
toyota, Land Cruiser,2004,656.84
mercedes, SL CLASS,2003,1422.32
vauxhall, Astra,2006,629.58
vauxhall, Mokka,2019,518.04
volkswagen, T-Roc,2017,409.84
volkswagen, Jetta,2018,607.33
ford, Ka+,2020,430.24
hyundai, IX35,2013,542.05
volkswagen, Caravelle,2011,561.98
volkswagen, Caravelle,2006,670.02
ford, Galaxy,2009,810.8
skoda, Superb,2015,582.47
vauxhall, Corsa,2006,593.16
volkswagen, Sharan,2018,593.76
ford, C-MAX,2014,515.52
ford, C-MAX,2011,561.64
mercedes, SLK,2007,932.58
audi, A3,2020,445.57
hyundai, I30,2012,564.05
bmw, 2 Series,2014,734.38
mercedes, C Class,2018,506.05
skoda, Superb,2007,596.74
vauxhall, Corsa,2018,602.22
audi, A4,2019,732.75
audi, S3,2016,659.23
mercedes, E Class,2015,982.45
toyota, Yaris,2004,598.42
audi, Q5,2019,705.57
vauxhall, Agila,2013,595.81
volkswagen, Polo,2013,742.2
mercedes, SLK,2013,709.12
ford, Tourneo Connect,2016,467.12
ford, Galaxy,2016,436.92
ford, Focus,2011,774.22
mercedes, CLS Class,2017,716.46
ford, Fiesta,2008,729.79
hyundai, I20,2017,522.72
skoda, Citigo,2019,458.08
ford, Grand Tourneo Connect,2016,414.19
audi, SQ5,2013,755.69
bmw, X5,2015,677.5
skoda, Yeti,2011,549.36
toyota, Auris,2011,487.54
bmw, 7 Series,2012,1096.84
vauxhall, Astra,2011,605.31
ford, Fiesta,2020,391.93
hyundai, Tucson,2019,549.47
hyundai, I20,2010,493.81
mercedes, S Class,2009,853.89
hyundai, Getz,2008,713.42
volkswagen, Passat,2008,634.54
hyundai, Veloster,2014,590.12
volkswagen, Polo,2012,551.96
bmw, X1,2016,860.64
bmw, X5,2008,997.9
vauxhall, Corsa,2001,1061.16
volkswagen, Caddy Maxi Life,2016,636.82
audi, RS4,2013,738.79
ford, EcoSport,2020,405.2
mercedes, GLE Class,2020,675.18
toyota, Aygo,2015,660.32
vauxhall, Insignia,2011,773.34
audi, Q7,2013,801.82
bmw, X1,2013,691.32
bmw, 6 Series,2014,933.49
mercedes, GLE Class,2018,514.76
volkswagen, Beetle,2006,565.83
volkswagen, Caddy Life,2020,392.43
bmw, 7 Series,2006,951.09
ford, Focus,2013,443.16
ford, Galaxy,2008,614.9
mercedes, R Class,2007,897.85
audi, Q8,2019,753.2
bmw, X2,2018,664.52
vauxhall, Meriva,2004,847.35
hyundai, IX20,2014,638.35
bmw, 3 Series,2016,871.63
toyota, RAV4,2019,375.47
audi, Q5,2015,567.06
hyundai, I10,2012,551.06
vauxhall, Astra,2008,764.73
audi, A5,2017,689.49
audi, A6,2014,845.52
bmw, X2,2020,750.38
ford, Mondeo,2007,869.67
hyundai, Ioniq,2020,428.34
mercedes, CLK,2005,1083.0
volkswagen, Eos,2006,556.5
vauxhall, Astra,2020,373.96
audi, Q5,2016,642.2
audi, A6,2007,1207.57
bmw, 1 Series,2001,1582.68
toyota, Auris,2007,549.23
ford, Focus,2016,617.33
toyota, Prius,2005,766.85
volkswagen, Up,2012,780.0
bmw, 3 Series,2000,1192.45
ford, Grand C-MAX,2013,621.62
vauxhall, Viva,2017,611.01
volkswagen, Caddy,2016,399.07
toyota, RAV4,2017,409.66
toyota, IQ,2011,567.51
vauxhall, GTC,2016,467.94
volkswagen, Jetta,2007,713.5
toyota, RAV4,2006,816.6
audi, A8,2017,774.59
audi, A3,2008,724.38
mercedes, E Class,2019,503.54
mercedes, X-CLASS,2017,831.97
bmw, 5 Series,2013,955.44
bmw, 7 Series,2015,920.5
hyundai, I20,2012,494.95
vauxhall, Astra,2003,974.25
ford, Mondeo,2009,767.84
audi, A7,2020,617.86
audi, TT,2003,962.57
ford, Kuga,2019,401.24
hyundai, IX20,2017,556.11
volkswagen, Fox,2006,850.29
toyota, Yaris,2019,521.0
toyota, Yaris,2007,797.47
volkswagen, Sharan,2017,416.67
hyundai, I20,2015,459.76
hyundai, IX35,2014,609.65
hyundai, Veloster,2012,592.23
mercedes, V Class,2010,757.23
ford, Edge,2016,484.6
toyota, RAV4,2012,658.21
vauxhall, Astra,2005,970.61
audi, RS3,2019,582.6
audi, RS4,2014,779.02
vauxhall, Grandland X,2018,587.56
ford, Grand C-MAX,2018,458.43
volkswagen, Tiguan,2017,425.74
ford, C-MAX,2007,532.64
mercedes, G Class,2020,675.86
vauxhall, GTC,2014,650.51
toyota, Yaris,2018,611.03
audi, Q7,2018,699.96
ford, S-MAX,2020,443.19
vauxhall, Adam,2019,509.52
audi, A6,2016,661.97
audi, A4,2017,595.38
ford, Mondeo,2008,902.72
bmw, M6,2016,943.35
hyundai, I30,2018,512.75
mercedes, CLK,2002,1338.02
audi, A6,2017,655.78
ford, C-MAX,2015,510.44
toyota, GT86,2018,426.11
volkswagen, Polo,2008,726.28
volkswagen, Jetta,2014,513.8
vauxhall, Adam,2013,557.9
audi, Q2,2018,674.36
audi, TT,2019,667.12
bmw, 3 Series,2007,1377.17
hyundai, IX35,2011,610.68
bmw, M3,2017,732.32
toyota, Land Cruiser,2016,616.35
vauxhall, Grandland X,2019,454.42
audi, A8,2012,666.57
vauxhall, Corsa,2002,940.68
volkswagen, Touareg,2008,718.22
skoda, Superb,2016,624.31
toyota, Yaris,2002,1155.51
toyota, Aygo,2008,733.13
volkswagen, Shuttle,2020,357.45
audi, Q8,2018,738.02
audi, SQ5,2019,673.22
ford, Fiesta,2005,684.59
hyundai, Tucson,2017,577.68
toyota, Auris,2013,457.85
toyota, Avensis,2011,651.29
audi, SQ5,2015,835.7
toyota, Verso,2008,889.86
volkswagen, Polo,2009,588.57
volkswagen, Up,2018,558.43
mercedes, A Class,2003,940.3
skoda, Roomster,2014,468.85
volkswagen, Golf,2000,1160.17
volkswagen, Jetta,2008,653.65
audi, A1,2020,708.02
bmw, M4,2017,595.92
bmw, M6,2015,820.54
ford, C-MAX,2016,521.97
bmw, 6 Series,2015,666.31
bmw, M3,2018,836.1
mercedes, S Class,2015,655.52
vauxhall, Mokka,2012,500.76
ford, Grand Tourneo Connect,2019,348.01
ford, Galaxy,2014,397.16
mercedes, B Class,2018,625.14
skoda, Rapid,2017,573.35
mercedes, M Class,2014,1037.36
skoda, Octavia,2011,490.47
skoda, Fabia,2004,631.57
bmw, X1,2014,646.26
mercedes, C Class,2013,660.34
toyota, Avensis,2014,472.4
vauxhall, Vectra,2008,728.19
toyota, Auris,2009,855.58
bmw, i8,2017,923.36
bmw, 1 Series,2011,876.81
mercedes, SLK,2005,1212.84
toyota, Corolla,2008,809.45
mercedes, M Class,2010,720.57
skoda, Kodiaq,2020,445.95
skoda, Rapid,2014,405.18
vauxhall, Astra,2016,510.3
bmw, M5,2018,672.43
bmw, X3,2004,1274.38
ford, Grand C-MAX,2012,760.09
mercedes, V Class,2017,930.3
vauxhall, Insignia,2009,716.56
hyundai, IX20,2016,533.66
mercedes, E Class,2016,586.89
vauxhall, Ampera,2014,655.6
audi, RS6,2018,618.23
bmw, X4,2015,806.4
ford, Focus,2018,506.91
audi, TT,2002,1060.59
hyundai, I10,2010,643.37
skoda, Kamiq,2020,477.34
mercedes, S Class,1999,1408.85
audi, Q3,2015,859.51
bmw, M4,2016,596.24
mercedes, SLK,2014,1017.67
mercedes, R Class,2011,1069.76
bmw, 5 Series,2020,679.05
bmw, 3 Series,2006,1412.63
volkswagen, Touareg,2011,654.19
ford, Fiesta,2018,522.56
hyundai, Santa Fe,2009,567.9
mercedes, M Class,2012,680.14
vauxhall, Corsa,2015,463.4
vauxhall, Astra,2019,389.31
ford, Kuga,2014,415.54
hyundai, IX20,2012,468.93
hyundai, Santa Fe,2010,516.85
mercedes, CLA Class,2017,642.55
bmw, 5 Series,2017,619.72
ford, Edge,2018,388.13
toyota, Hilux,2012,723.65
volkswagen, Caravelle,2020,345.81
mercedes, SLK,2011,983.42
vauxhall, Astra,2007,565.84
ford, EcoSport,2016,527.31
toyota, Yaris,2015,614.72
toyota, Hilux,2018,524.05
ford, Focus,2012,726.01
hyundai, I20,2019,436.41
mercedes, A Class,2017,759.88
volkswagen, Golf SV,2018,391.83
ford, C-MAX,2018,449.31
mercedes, B Class,2008,1174.65
audi, RS4,2019,733.98
bmw, X5,2011,712.13
ford, Grand C-MAX,2015,638.02
audi, Q3,2020,720.56
vauxhall, Tigra,2007,916.43
hyundai, IX20,2015,464.23
mercedes, CL Class,2020,779.98
toyota, RAV4,2015,386.23
bmw, X6,2015,710.65
ford, B-MAX,2018,377.05
ford, Galaxy,2015,619.62
skoda, Karoq,2020,443.1
audi, A3,2004,914.76
mercedes, B Class,2012,1107.81
vauxhall, Adam,2015,388.13
volkswagen, Up,2016,394.43
bmw, 7 Series,2017,629.02
skoda, Fabia,2007,616.71
mercedes, S Class,2012,719.04
volkswagen, Polo,2006,701.58
volkswagen, Tiguan,2018,418.02
vauxhall, Zafira Tourer,2018,451.09
mercedes, CL Class,2019,834.79
volkswagen, Touran,2020,427.25
volkswagen, Touran,2011,693.22
audi, A1,2011,973.69
bmw, X3,2015,979.72
bmw, 2 Series,2015,962.78
toyota, Hilux,2013,448.67
vauxhall, Corsa,2005,878.23
volkswagen, Shuttle,2015,469.54
audi, A4,2006,879.54
audi, A3,1998,1062.65
ford, Fusion,2010,577.88
mercedes, SLK,1998,1149.78
toyota, Auris,2019,426.21
audi, SQ5,2017,750.32
ford, Focus,2020,478.6
mercedes, CL Class,2015,571.54
skoda, Yeti,2016,635.16
bmw, X1,2020,648.92
bmw, X2,2019,628.07
vauxhall, Astra,2009,514.76
volkswagen, Amarok,2014,596.44
volkswagen, Shuttle,2016,523.65
toyota, Aygo,2005,612.94
bmw, 3 Series,2004,1141.19
mercedes, M Class,2008,1201.93
mercedes, GLS Class,2016,588.76
toyota, Auris,2016,422.1
vauxhall, Antara,2015,688.36
volkswagen, Polo,2016,659.48
volkswagen, Passat,2014,551.44
bmw, X1,2017,560.18
bmw, 1 Series,2008,754.56
skoda, Superb,2019,592.92
vauxhall, Zafira,2015,444.01
audi, RS4,2006,895.25
vauxhall, Insignia,2014,409.1
audi, RS5,2019,611.16
skoda, Roomster,2013,549.73
volkswagen, Sharan,2019,363.85
volkswagen, Touran,2019,567.25
toyota, Aygo,2018,368.41
ford, Grand C-MAX,2011,722.21
ford, C-MAX,2012,578.58
ford, Fiesta,2006,684.96
toyota, Corolla,2020,319.56
bmw, X6,2017,799.96
mercedes, GLC Class,2017,924.56
toyota, Prius,2020,337.57
hyundai, I20,2016,492.1
hyundai, I40,2014,507.08
vauxhall, Agila,2004,982.5
audi, R8,2016,802.14
skoda, Octavia,2008,872.11
volkswagen, Passat,2007,949.2
skoda, Octavia,2014,658.7
volkswagen, CC,2011,530.73
audi, A1,2019,561.76
bmw, 6 Series,2020,623.44
mercedes, GLC Class,2015,955.47
toyota, IQ,2013,745.28
toyota, Verso,2016,419.68
volkswagen, Touareg,2015,534.19
hyundai, Santa Fe,2014,507.24
vauxhall, Astra,2001,955.66
vauxhall, Zafira,2014,612.64
toyota, Land Cruiser,2008,594.55
volkswagen, Passat,2018,405.7
volkswagen, Beetle,2018,388.44
audi, R8,2014,699.06
audi, A4,2004,943.9
mercedes,230,2007,1306.5
toyota, Aygo,2012,433.65
bmw, X4,2016,784.25
hyundai, I40,2013,568.05
hyundai, Tucson,2008,864.0
volkswagen, Caravelle,2018,593.36
audi, Q2,2017,683.38
bmw, X5,2016,685.68
bmw, X3,2009,895.64
mercedes, C Class,2006,1185.95
skoda, Superb,2010,633.03
toyota, Hilux,2017,408.67
vauxhall, Astra,2012,649.39
vauxhall, Vivaro,2018,351.79
volkswagen, Caddy Life,2017,563.84
bmw, X5,2019,807.42
ford, C-MAX,2008,658.6
mercedes, SL CLASS,2016,547.65
skoda, Yeti,2015,559.43
ford, Focus,2017,638.32
audi, A6,2003,1153.13
mercedes, GLA Class,2014,819.27
mercedes, G Class,2012,985.87
skoda, Superb,2017,626.21
skoda, Kodiaq,2018,516.83
audi, A7,2018,718.62
audi, A1,2010,679.82
hyundai, I40,2015,383.15
mercedes, CLS Class,2014,695.9
volkswagen, Touareg,2020,393.07
ford, Tourneo Custom,2015,399.56
mercedes, B Class,2020,706.98
vauxhall, Zafira,2008,596.56
vauxhall, Meriva,2008,894.81
audi, A6,2008,1119.08
bmw, 1 Series,2016,779.55
bmw, 5 Series,1996,2093.9
ford, Ka+,2015,664.98
volkswagen, Golf,2008,843.29
ford, EcoSport,2018,422.53
skoda, Rapid,2018,540.97
vauxhall, Agila,2005,775.41
audi, A6,2011,767.31
bmw, 1 Series,2012,904.88
bmw, M5,2016,568.27
toyota, Prius,2013,679.79
vauxhall, Cascada,2016,537.35
ford, Kuga,2016,652.85
skoda, Rapid,2016,476.84
toyota, Avensis,2017,446.51
volkswagen, Up,2019,501.37
audi, A7,2013,634.72
skoda, Yeti,2017,510.84
skoda, Roomster,2015,553.29
vauxhall, Tigra,2009,837.27
toyota, Corolla,2001,1041.97
volkswagen, Polo,2014,661.34
audi, Q5,2012,722.7
bmw, 7 Series,2018,835.91
mercedes, CL Class,2008,894.08
volkswagen, Touareg,2019,504.31
audi, A8,2015,610.48
bmw, X4,2019,684.22
bmw, 1 Series,2009,957.88
ford, Ka+,2012,483.3
mercedes, M Class,2013,979.39
skoda, Fabia,2020,338.51
bmw, M5,2014,807.27
mercedes, GLA Class,2020,750.17
vauxhall, Insignia,2019,340.71
vauxhall, Corsa,2007,696.63
vauxhall, Insignia,2013,575.06
ford, S-MAX,2012,502.32
hyundai, Kona,2020,388.24
mercedes, CLA Class,2016,931.85
skoda, Yeti Outdoor,2017,517.49
hyundai, I10,2013,432.01
toyota, Avensis,2003,733.38
volkswagen, Shuttle,2014,715.97
mercedes, CLS Class,2012,979.55
skoda, Citigo,2015,529.28
volkswagen, Golf,2003,1070.06
audi, S4,2018,579.95
vauxhall, Mokka,2018,568.85
toyota, Yaris,2012,773.87
hyundai, I800,2017,553.16
mercedes, GL Class,2018,544.62
volkswagen, T-Roc,2019,593.9
mercedes, SL CLASS,2007,836.34
bmw, X6,2020,756.36
volkswagen, Golf,2017,353.2
hyundai, Terracan,2003,644.61
mercedes, GLC Class,2019,589.55
toyota, Land Cruiser,2020,469.16
audi, A4,2020,674.92
volkswagen, Touareg,2007,592.59
audi, A5,2008,1014.05
hyundai, Santa Fe,2011,478.91
audi, Q5,2017,738.64
hyundai, I20,2014,624.2
hyundai, I40,2012,632.95
volkswagen, Passat,2006,749.27
audi, TT,2014,691.59
bmw, 5 Series,2008,1270.25
toyota, Auris,2018,462.21
volkswagen, CC,2016,462.89
volkswagen, Golf SV,2019,409.31
hyundai, Terracan,2005,865.11
mercedes, SLK,2018,751.22
toyota, Verso-S,2013,728.4
volkswagen, Up,2015,685.19
vauxhall, Corsa,2013,662.59
audi, Q3,2014,749.49
ford, Fiesta,2019,496.19
mercedes, CLS Class,2019,564.42
ford, S-MAX,2017,594.87
volkswagen, Fox,2008,907.67
vauxhall, Mokka X,2017,448.58
volkswagen, Beetle,2015,497.82
bmw, X6,2019,556.67
bmw, M3,2013,813.98
mercedes, G Class,2019,808.98
mercedes, CL Class,2002,1414.18
hyundai, Getz,2003,806.76
toyota, GT86,2012,683.91
volkswagen, Caddy Maxi Life,2018,575.12
bmw, X3,2016,666.0
skoda, Fabia,2011,608.33
audi, S3,2015,640.89
hyundai, I30,2010,768.47
mercedes, S Class,2002,1397.33
volkswagen, Caddy Maxi Life,2014,499.55
vauxhall, Zafira,2005,890.03
vauxhall, GTC,2018,610.24
bmw, 7 Series,2016,763.02
volkswagen, Golf,2009,679.27
mercedes, E Class,2007,857.28
volkswagen, Golf,2010,750.72
volkswagen, Passat,2009,661.22
audi, A6,2013,950.2
audi, A3,2006,1221.95
mercedes, S Class,2018,895.91
vauxhall, Meriva,2003,808.07
toyota, Yaris,1999,1048.62
toyota, Aygo,2013,604.85
audi, A1,2017,787.98
audi, RS5,2017,697.66
bmw, 6 Series,2005,1435.94
mercedes, GL Class,2016,567.87
volkswagen, Tiguan,2016,619.52
hyundai, I30,2017,503.71
toyota, GT86,2014,447.54
toyota, RAV4,2010,488.24
toyota, Aygo,2016,490.41
audi, A4,2011,906.82
mercedes, GLE Class,2017,863.62
mercedes, M Class,1970,4560.46
toyota, RAV4,2002,868.56
vauxhall, Zafira,2012,484.47
vauxhall, Meriva,2009,640.44
volkswagen, Shuttle,2018,539.95
hyundai, Santa Fe,2019,332.15
mercedes, E Class,2020,575.74
skoda, Fabia,2013,671.36
skoda, Fabia,2010,523.76
bmw, M6,2018,670.08
skoda, Kodiaq,2017,521.15
audi, A4,2005,1075.82
bmw, 1 Series,2018,519.44
bmw, Z3,1999,1697.35
vauxhall, Agila,2012,522.27
ford, Mondeo,2019,354.44
mercedes, GLS Class,2020,496.84
skoda, Citigo,2018,408.96
toyota, Yaris,2020,498.14
bmw, Z3,2002,1106.5
mercedes, SLK,2008,947.62
toyota, Verso,2013,467.88
volkswagen, Golf SV,2017,503.59
audi, TT,2007,868.4
audi, A4,2010,896.39
mercedes, C Class,2020,511.65
vauxhall, Zafira,2007,649.39
bmw, 8 Series,2020,775.37
skoda, Yeti Outdoor,2015,555.55
volkswagen, Passat,2017,605.26
volkswagen, Sharan,2014,563.59
skoda, Yeti,2014,601.67
volkswagen, Caddy Maxi Life,2017,536.94
audi, A8,2006,1246.38
ford, Grand C-MAX,2019,360.7
hyundai, I10,2020,536.54
mercedes, GL Class,2017,664.1
