Record ID,NHTSA Campaign,Manufacturer Campaign,Vehicle Make,Vehicle Model,Model Year,Vehicle Manufacturer,Recall Type,Recall Component,Manufacture Start Date,Manufacture End Date,Estimated Units,Recall Initiative,Recall Manufacturer,Recall Notification Date
571,02V244000,,VOLKSWAGEN,NEW BEETLE,2001,"VOLKSWAGEN OF AMERICA,INC",VEHICLE,EQUIPMENT:OTHER:OWNERS/SERVICE/OTHER MANUAL ,19990901.0,20010104.0,332950.0,MFR,"VOLKSWAGEN GROUP OF AMERICA, INC.",20030729.0
572,02V244000,,VOLKSWAGEN,NEW BEETLE,2000,"VOLKSWAGEN OF AMERICA,INC",VEHICLE,EQUIPMENT:OTHER:OWNERS/SERVICE/OTHER MANUAL ,19990901.0,20010104.0,332950.0,MFR,"VOLKSWAGEN GROUP OF AMERICA, INC.",20030729.0
2469,02V031000,,VOLKSWAGEN,NEW BEETLE,2002,"VOLKSWAGEN OF AMERICA,INC",VEHICLE,"SERVICE BRAKES, HYDRAULIC:ANTILOCK",20001001.0,20010930.0,55000.0,MFR,"VOLKSWAGEN GROUP OF AMERICA, INC.",20020308.0
2470,02V031000,,VOLKSWAGEN,NEW BEETLE,2001,"VOLKSWAGEN OF AMERICA,INC",VEHICLE,"SERVICE BRAKES, HYDRAULIC:ANTILOCK",20001001.0,20010930.0,55000.0,MFR,"VOLKSWAGEN GROUP OF AMERICA, INC.",20020308.0
2766,01V324000,,AUDI,200,1992,"VOLKSWAGEN OF AMERICA,INC",VEHICLE,EQUIPMENT:ELECTRICAL:RADIO/TAPE DECK/CD ETC.,19900701.0,19920331.0,4300.0,MFR,"VOLKSWAGEN GROUP OF AMERICA, INC.",20020710.0
2767,01V324000,,AUDI,200,1991,"VOLKSWAGEN OF AMERICA,INC",VEHICLE,EQUIPMENT:ELECTRICAL:RADIO/TAPE DECK/CD ETC.,19900701.0,19920331.0,4300.0,MFR,"VOLKSWAGEN GROUP OF AMERICA, INC.",20020710.0
4979,01V217000,,BMW,R1200C,1998,BAYERISCHE MOTOREN WERKE,VEHICLE,STRUCTURE:FRAME AND MEMBERS,19970601.0,19980630.0,3342.0,MFR,"BMW OF NORTH AMERICA, LLC",20011213.0
4980,01V217000,,BMW,R1200C,1999,BAYERISCHE MOTOREN WERKE,VEHICLE,STRUCTURE:FRAME AND MEMBERS,19970601.0,19980630.0,3342.0,MFR,"BMW OF NORTH AMERICA, LLC",20011213.0
6633,00V289000,,BMW,R1200C,2000,BAYERISCHE MOTOREN WERKE,VEHICLE,SEATS:MOTORCYCLE,19990901.0,20000630.0,1636.0,MFR,"BMW OF NORTH AMERICA, LLC",20010124.0
6720,00V264000,,BMW,K1200RS,1999,BAYERISCHE MOTOREN WERKE,VEHICLE,ENGINE AND ENGINE COOLING:ENGINE,19970201.0,19990831.0,2368.0,MFR,"BMW OF NORTH AMERICA, LLC",20001013.0
6721,00V264000,,BMW,K1200RS,1998,BAYERISCHE MOTOREN WERKE,VEHICLE,ENGINE AND ENGINE COOLING:ENGINE,19970201.0,19990831.0,2368.0,MFR,"BMW OF NORTH AMERICA, LLC",20001013.0
6722,00V264000,,BMW,K1200RS,2000,BAYERISCHE MOTOREN WERKE,VEHICLE,ENGINE AND ENGINE COOLING:ENGINE,19970201.0,19990831.0,2368.0,MFR,"BMW OF NORTH AMERICA, LLC",20001013.0
6723,00V266000,,BMW,K1200RS,1998,BAYERISCHE MOTOREN WERKE,VEHICLE,ENGINE AND ENGINE COOLING:ENGINE,19970320.0,19970414.0,188.0,MFR,"BMW OF NORTH AMERICA, LLC",20001012.0
12936,97V172000,,AUDI,200,1993,"VOLKSWAGEN OF AMERICA,INC",VEHICLE,AIR BAGS:FRONTAL:SENSOR/CONTROL MODULE,19880901.0,19930731.0,54800.0,ODI,"VOLKSWAGEN GROUP OF AMERICA, INC.",19971013.0
12945,97V172000,,AUDI,200,1990,"VOLKSWAGEN OF AMERICA,INC",VEHICLE,AIR BAGS:FRONTAL:SENSOR/CONTROL MODULE,19880901.0,19930731.0,54800.0,ODI,"VOLKSWAGEN GROUP OF AMERICA, INC.",19971013.0
12946,97V172000,,AUDI,200,1992,"VOLKSWAGEN OF AMERICA,INC",VEHICLE,AIR BAGS:FRONTAL:SENSOR/CONTROL MODULE,19880901.0,19930731.0,54800.0,ODI,"VOLKSWAGEN GROUP OF AMERICA, INC.",19971013.0
12947,97V172000,,AUDI,200,1991,"VOLKSWAGEN OF AMERICA,INC",VEHICLE,AIR BAGS:FRONTAL:SENSOR/CONTROL MODULE,19880901.0,19930731.0,54800.0,ODI,"VOLKSWAGEN GROUP OF AMERICA, INC.",19971013.0
12948,97V172000,,AUDI,200,1989,"VOLKSWAGEN OF AMERICA,INC",VEHICLE,AIR BAGS:FRONTAL:SENSOR/CONTROL MODULE,19880901.0,19930731.0,54800.0,ODI,"VOLKSWAGEN GROUP OF AMERICA, INC.",19971013.0
13165,98V258000,,BMW,K1200RS,1998,BAYERISCHE MOTOREN WERKE,VEHICLE,"FUEL SYSTEM, GASOLINE:STORAGE:TANK ASSEMBLY",19970101.0,19971031.0,1000.0,ODI,"BMW OF NORTH AMERICA, LLC",19981230.0
14205,97V134000,,BMW,R1200C,1998,BAYERISCHE MOTOREN WERKE,VEHICLE,"SERVICE BRAKES, HYDRAULIC",19970501.0,19970830.0,973.0,MFR,"BMW OF NORTH AMERICA, LLC",19970811.0
14206,97V134000,,BMW,K1200RS,1998,BAYERISCHE MOTOREN WERKE,VEHICLE,"SERVICE BRAKES, HYDRAULIC",19970301.0,19970830.0,973.0,MFR,"BMW OF NORTH AMERICA, LLC",19970811.0
18788,94V091000,,MERCEDES BENZ,C220,1994,"MERCEDES-BENZ USA, INC.",VEHICLE,VEHICLE SPEED CONTROL,19930101.0,19931201.0,1822.0,MFR,"MERCEDES-BENZ USA, LLC.",19940429.0
21878,93V006000,,AUDI,200,1988,"VOLKSWAGEN OF AMERICA,INC",VEHICLE,POWER TRAIN:AXLE ASSEMBLY,19841001.0,19910101.0,152000.0,ODI,"VOLKSWAGEN GROUP OF AMERICA, INC.",19930129.0
21879,93V006000,,AUDI,200,1987,"VOLKSWAGEN OF AMERICA,INC",VEHICLE,POWER TRAIN:AXLE ASSEMBLY,19841001.0,19910101.0,152000.0,ODI,"VOLKSWAGEN GROUP OF AMERICA, INC.",19930129.0
21880,93V006000,,AUDI,200,1986,"VOLKSWAGEN OF AMERICA,INC",VEHICLE,POWER TRAIN:AXLE ASSEMBLY,19841001.0,19910101.0,152000.0,ODI,"VOLKSWAGEN GROUP OF AMERICA, INC.",19930129.0
21881,93V006000,,AUDI,200,1985,"VOLKSWAGEN OF AMERICA,INC",VEHICLE,POWER TRAIN:AXLE ASSEMBLY,19841001.0,19910101.0,152000.0,ODI,"VOLKSWAGEN GROUP OF AMERICA, INC.",19930129.0
21905,93V006000,,AUDI,200,1990,"VOLKSWAGEN OF AMERICA,INC",VEHICLE,POWER TRAIN:AXLE ASSEMBLY,19841001.0,19910101.0,152000.0,ODI,"VOLKSWAGEN GROUP OF AMERICA, INC.",19930129.0
21906,93V006000,,AUDI,200,1991,"VOLKSWAGEN OF AMERICA,INC",VEHICLE,POWER TRAIN:AXLE ASSEMBLY,19841001.0,19910101.0,152000.0,ODI,"VOLKSWAGEN GROUP OF AMERICA, INC.",19930129.0
21907,93V006000,,AUDI,200,1989,"VOLKSWAGEN OF AMERICA,INC",VEHICLE,POWER TRAIN:AXLE ASSEMBLY,19841001.0,19910101.0,152000.0,ODI,"VOLKSWAGEN GROUP OF AMERICA, INC.",19930129.0
22575,91V156000,,AUDI,200,1990,"VOLKSWAGEN OF AMERICA,INC",VEHICLE,EQUIPMENT:OTHER:LABELS,19900701.0,19901201.0,5900.0,MFR,"VOLKSWAGEN GROUP OF AMERICA, INC.",19911210.0
22623,91V050000,,AUDI,200,1990,"VOLKSWAGEN OF AMERICA,INC",VEHICLE,EQUIPMENT:MECHANICAL:JACKS,19890501.0,19910201.0,20800.0,MFR,"VOLKSWAGEN GROUP OF AMERICA, INC.",19910417.0
22624,91V050000,,AUDI,200,1991,"VOLKSWAGEN OF AMERICA,INC",VEHICLE,EQUIPMENT:MECHANICAL:JACKS,19890501.0,19910201.0,20800.0,MFR,"VOLKSWAGEN GROUP OF AMERICA, INC.",19910417.0
22625,91V050000,,AUDI,200,1989,"VOLKSWAGEN OF AMERICA,INC",VEHICLE,EQUIPMENT:MECHANICAL:JACKS,19890501.0,19910201.0,20800.0,MFR,"VOLKSWAGEN GROUP OF AMERICA, INC.",19910417.0
33025,07V066000,,BMW,K1200 GT,2005,"BMW OF NORTH AMERICA, LLC",VEHICLE,ENGINE AND ENGINE COOLING,20041130.0,20070131.0,6631.0,MFR,"BMW OF NORTH AMERICA, LLC",20070410.0
33026,07V066000,,BMW,K1200 GT,2006,"BMW OF NORTH AMERICA, LLC",VEHICLE,ENGINE AND ENGINE COOLING,20041130.0,20070131.0,6631.0,MFR,"BMW OF NORTH AMERICA, LLC",20070410.0
33027,07V066000,,BMW,K1200 GT,2007,"BMW OF NORTH AMERICA, LLC",VEHICLE,ENGINE AND ENGINE COOLING,20041130.0,20070131.0,6631.0,MFR,"BMW OF NORTH AMERICA, LLC",20070410.0
33028,07V066000,,BMW,K1200 R SPORT,2007,"BMW OF NORTH AMERICA, LLC",VEHICLE,ENGINE AND ENGINE COOLING,20050630.0,20061231.0,6631.0,MFR,"BMW OF NORTH AMERICA, LLC",20070410.0
33029,07V066000,,BMW,K1200 R SPORT,2006,"BMW OF NORTH AMERICA, LLC",VEHICLE,ENGINE AND ENGINE COOLING,20050630.0,20061231.0,6631.0,MFR,"BMW OF NORTH AMERICA, LLC",20070410.0
33030,07V066000,,BMW,K1200 R SPORT,2005,"BMW OF NORTH AMERICA, LLC",VEHICLE,ENGINE AND ENGINE COOLING,20050630.0,20061231.0,6631.0,MFR,"BMW OF NORTH AMERICA, LLC",20070410.0
33031,07V066000,,BMW,K1200 R,2004,"BMW OF NORTH AMERICA, LLC",VEHICLE,ENGINE AND ENGINE COOLING,20040430.0,20070131.0,6631.0,MFR,"BMW OF NORTH AMERICA, LLC",20070410.0
33032,07V066000,,BMW,K1200 R,2005,"BMW OF NORTH AMERICA, LLC",VEHICLE,ENGINE AND ENGINE COOLING,20040430.0,20070131.0,6631.0,MFR,"BMW OF NORTH AMERICA, LLC",20070410.0
33033,07V066000,,BMW,K1200 R,2007,"BMW OF NORTH AMERICA, LLC",VEHICLE,ENGINE AND ENGINE COOLING,20040430.0,20070131.0,6631.0,MFR,"BMW OF NORTH AMERICA, LLC",20070410.0
33034,07V066000,,BMW,K1200 S,2007,"BMW OF NORTH AMERICA, LLC",VEHICLE,ENGINE AND ENGINE COOLING,20030401.0,20070131.0,6631.0,MFR,"BMW OF NORTH AMERICA, LLC",20070410.0
33035,07V066000,,BMW,K1200 S,2003,"BMW OF NORTH AMERICA, LLC",VEHICLE,ENGINE AND ENGINE COOLING,20030401.0,20070131.0,6631.0,MFR,"BMW OF NORTH AMERICA, LLC",20070410.0
33036,07V066000,,BMW,K1200 R,2006,"BMW OF NORTH AMERICA, LLC",VEHICLE,ENGINE AND ENGINE COOLING,20040430.0,20070131.0,6631.0,MFR,"BMW OF NORTH AMERICA, LLC",20070410.0
33037,07V066000,,BMW,K1200 S,2006,"BMW OF NORTH AMERICA, LLC",VEHICLE,ENGINE AND ENGINE COOLING,20030401.0,20070131.0,6631.0,MFR,"BMW OF NORTH AMERICA, LLC",20070410.0
33038,07V066000,,BMW,K1200 S,2004,"BMW OF NORTH AMERICA, LLC",VEHICLE,ENGINE AND ENGINE COOLING,20030401.0,20070131.0,6631.0,MFR,"BMW OF NORTH AMERICA, LLC",20070410.0
33039,07V066000,,BMW,K1200 S,2005,"BMW OF NORTH AMERICA, LLC",VEHICLE,ENGINE AND ENGINE COOLING,20030401.0,20070131.0,6631.0,MFR,"BMW OF NORTH AMERICA, LLC",20070410.0
34277,03V508000,VB/ZH,VOLKSWAGEN,NEW BEETLE,2004,"VOLKSWAGEN OF AMERICA,INC",VEHICLE,EQUIPMENT:OTHER:LABELS,20030601.0,20030930.0,15115.0,MFR,"VOLKSWAGEN GROUP OF AMERICA, INC.",20040209.0
34482,04V438000,,BMW,K1200 LT,2005,"BMW OF NORTH AMERICA, LLC",VEHICLE,"FUEL SYSTEM, GASOLINE:DELIVERY:FUEL PUMP",20040105.0,20040313.0,380.0,MFR,"BMW OF NORTH AMERICA, LLC",20041004.0
35776,05V082000,,BMW,R 1200 GS,2004,"BMW OF NORTH AMERICA, LLC",VEHICLE,"FUEL SYSTEM, GASOLINE:DELIVERY:FUEL PUMP",20031103.0,20040629.0,3084.0,MFR,"BMW OF NORTH AMERICA, LLC",20050509.0
35777,05V082000,,BMW,R1200 GS,2005,"BMW OF NORTH AMERICA, LLC",VEHICLE,"FUEL SYSTEM, GASOLINE:DELIVERY:FUEL PUMP",20040701.0,20050101.0,3084.0,MFR,"BMW OF NORTH AMERICA, LLC",20050509.0
37778,06V486000,,BMW,R1200 GS ADVENTURE,2006,"BMW OF NORTH AMERICA, LLC",VEHICLE,TIRES:VALVE,20060830.0,20061012.0,144.0,MFR,"BMW OF NORTH AMERICA, LLC",20070112.0
37779,06V486000,,BMW,R1200 GS,2006,"BMW OF NORTH AMERICA, LLC",VEHICLE,TIRES:VALVE,20060906.0,20061013.0,144.0,MFR,"BMW OF NORTH AMERICA, LLC",20070112.0
37920,06V399000,,BMW,R1200 S,2007,"BMW OF NORTH AMERICA, LLC",VEHICLE,POWER TRAIN,20060401.0,20060831.0,700.0,MFR,"BMW OF NORTH AMERICA, LLC",20061027.0
37921,06V399000,,BMW,R1200 HP2,2006,"BMW OF NORTH AMERICA, LLC",VEHICLE,POWER TRAIN,20050801.0,20060831.0,700.0,MFR,"BMW OF NORTH AMERICA, LLC",20061027.0
37933,06V104000,,BMW,R1200 GS,2006,"BMW OF NORTH AMERICA, LLC",VEHICLE,POWER TRAIN:CLUTCH ASSEMBLY,20060120.0,20060124.0,453.0,MFR,"BMW OF NORTH AMERICA, LLC",20060420.0
37934,06V104000,,BMW,R1200 HP2,2006,"BMW OF NORTH AMERICA, LLC",VEHICLE,POWER TRAIN:CLUTCH ASSEMBLY,20051209.0,20060120.0,453.0,MFR,"BMW OF NORTH AMERICA, LLC",20060420.0
37935,06V104000,,BMW,R1200 RT,2006,"BMW OF NORTH AMERICA, LLC",VEHICLE,POWER TRAIN:CLUTCH ASSEMBLY,20051209.0,20060216.0,453.0,MFR,"BMW OF NORTH AMERICA, LLC",20060420.0
38611,06V164000,,BMW,R1200 GS,2004,"BMW OF NORTH AMERICA, LLC",VEHICLE,"SERVICE BRAKES, HYDRAULIC:ANTILOCK",20040101.0,20060228.0,13200.0,MFR,"BMW OF NORTH AMERICA, LLC",20060605.0
38612,06V164000,,BMW,K1200 R,2006,"BMW OF NORTH AMERICA, LLC",VEHICLE,"SERVICE BRAKES, HYDRAULIC:ANTILOCK",20050401.0,20051231.0,13200.0,MFR,"BMW OF NORTH AMERICA, LLC",20060605.0
38613,06V164000,,BMW,K1200 S,2006,"BMW OF NORTH AMERICA, LLC",VEHICLE,"SERVICE BRAKES, HYDRAULIC:ANTILOCK",20041201.0,20051231.0,13200.0,MFR,"BMW OF NORTH AMERICA, LLC",20060605.0
38614,06V164000,,BMW,R1200 GS,2006,"BMW OF NORTH AMERICA, LLC",VEHICLE,"SERVICE BRAKES, HYDRAULIC:ANTILOCK",20040101.0,20060228.0,13200.0,MFR,"BMW OF NORTH AMERICA, LLC",20060605.0
38615,06V164000,,BMW,R1200 RT,2006,"BMW OF NORTH AMERICA, LLC",VEHICLE,"SERVICE BRAKES, HYDRAULIC:ANTILOCK",20050901.0,20051231.0,13200.0,MFR,"BMW OF NORTH AMERICA, LLC",20060605.0
38616,06V164000,,BMW,R 1200 ST,2005,"BMW OF NORTH AMERICA, LLC",VEHICLE,"SERVICE BRAKES, HYDRAULIC:ANTILOCK",20050201.0,20051130.0,13200.0,MFR,"BMW OF NORTH AMERICA, LLC",20060605.0
38617,06V164000,,BMW,K1200 S,2005,"BMW OF NORTH AMERICA, LLC",VEHICLE,"SERVICE BRAKES, HYDRAULIC:ANTILOCK",20041201.0,20051231.0,13200.0,MFR,"BMW OF NORTH AMERICA, LLC",20060605.0
38618,06V164000,,BMW,R1200 GS,2005,"BMW OF NORTH AMERICA, LLC",VEHICLE,"SERVICE BRAKES, HYDRAULIC:ANTILOCK",20040101.0,20060228.0,13200.0,MFR,"BMW OF NORTH AMERICA, LLC",20060605.0
39014,78V106000,,MERCEDES BENZ,230,1978,"MERCEDES-BENZ USA, INC.",VEHICLE,ENGINE AND ENGINE COOLING:EXHAUST SYSTEM:EMISSION CONTROL ,19770901.0,19780501.0,10500.0,MFR,"MERCEDES-BENZ USA, LLC.",19780508.0
39015,78V106000,,MERCEDES BENZ,230,1977,"MERCEDES-BENZ USA, INC.",VEHICLE,ENGINE AND ENGINE COOLING:EXHAUST SYSTEM:EMISSION CONTROL ,19770901.0,19780501.0,10500.0,MFR,"MERCEDES-BENZ USA, LLC.",19780508.0
44443,77V117000,,VOLKSWAGEN,SUPER BEETLE,1977,"VOLKSWAGEN OF AMERICA,INC",VEHICLE,EXTERIOR LIGHTING:TAIL LIGHTS,,,1700.0,MFR,"VOLKSWAGEN GROUP OF AMERICA, INC.",19770916.0
44844,76V002000,,BMW,2002TII,1974,BAYERISCHE MOTOREN WERKE,VEHICLE,SEAT BELTS:FRONT,,,29043.0,OVSC,"BMW OF NORTH AMERICA, LLC",19760517.0
44845,76V002000,,BMW,2002A,1974,BAYERISCHE MOTOREN WERKE,VEHICLE,SEAT BELTS:FRONT,,,29043.0,OVSC,"BMW OF NORTH AMERICA, LLC",19760517.0
44846,76V002000,,BMW,2002A,1973,BAYERISCHE MOTOREN WERKE,VEHICLE,SEAT BELTS:FRONT,,,29043.0,OVSC,"BMW OF NORTH AMERICA, LLC",19760517.0
44847,76V002000,,BMW,2002TII,1973,BAYERISCHE MOTOREN WERKE,VEHICLE,SEAT BELTS:FRONT,,,29043.0,OVSC,"BMW OF NORTH AMERICA, LLC",19760517.0
44848,76V002000,,BMW,2002A,1972,BAYERISCHE MOTOREN WERKE,VEHICLE,SEAT BELTS:FRONT,,,29043.0,OVSC,"BMW OF NORTH AMERICA, LLC",19760517.0
44849,76V002000,,BMW,2002TII,1972,BAYERISCHE MOTOREN WERKE,VEHICLE,SEAT BELTS:FRONT,,,29043.0,OVSC,"BMW OF NORTH AMERICA, LLC",19760517.0
44850,76V002000,,BMW,2002,1974,BAYERISCHE MOTOREN WERKE,VEHICLE,SEAT BELTS:FRONT,,,29043.0,OVSC,"BMW OF NORTH AMERICA, LLC",19760517.0
44851,76V002000,,BMW,2002,1973,BAYERISCHE MOTOREN WERKE,VEHICLE,SEAT BELTS:FRONT,,,29043.0,OVSC,"BMW OF NORTH AMERICA, LLC",19760517.0
44852,76V002000,,BMW,2002,1972,BAYERISCHE MOTOREN WERKE,VEHICLE,SEAT BELTS:FRONT,,,29043.0,OVSC,"BMW OF NORTH AMERICA, LLC",19760517.0
47305,75V054000,,MERCEDES BENZ,220D,1973,"MERCEDES-BENZ USA, INC.",VEHICLE,SEAT BELTS:FRONT:ANCHORAGE,,,29228.0,OVSC,"MERCEDES-BENZ USA, LLC.",19750418.0
47306,75V054000,,MERCEDES BENZ,220D,1972,"MERCEDES-BENZ USA, INC.",VEHICLE,SEAT BELTS:FRONT:ANCHORAGE,,,29228.0,OVSC,"MERCEDES-BENZ USA, LLC.",19750418.0
47307,75V054000,,MERCEDES BENZ,220,1973,"MERCEDES-BENZ USA, INC.",VEHICLE,SEAT BELTS:FRONT:ANCHORAGE,,,29228.0,OVSC,"MERCEDES-BENZ USA, LLC.",19750418.0
47308,75V054000,,MERCEDES BENZ,220,1972,"MERCEDES-BENZ USA, INC.",VEHICLE,SEAT BELTS:FRONT:ANCHORAGE,,,29228.0,OVSC,"MERCEDES-BENZ USA, LLC.",19750418.0
50460,70V113000,,FORD,E200,1971,FORD MOTOR COMPANY,VEHICLE,TIRES:TREAD/BELT,,,6000.0,MFR,FORD MOTOR COMPANY,19700922.0
50461,70V113000,,FORD,E200,1970,FORD MOTOR COMPANY,VEHICLE,TIRES:TREAD/BELT,,,6000.0,MFR,FORD MOTOR COMPANY,19700922.0
50730,06V134000,,BMW,R1200 ST,2006,"BMW OF NORTH AMERICA, LLC",VEHICLE,"SERVICE BRAKES, HYDRAULIC",20041201.0,20060131.0,9260.0,MFR,"BMW OF NORTH AMERICA, LLC",20060605.0
50731,06V134000,,BMW,R1200 GS,2004,"BMW OF NORTH AMERICA, LLC",VEHICLE,"SERVICE BRAKES, HYDRAULIC",20040101.0,20060228.0,9260.0,MFR,"BMW OF NORTH AMERICA, LLC",20060605.0
50732,06V134000,,BMW,R1200 GS,2006,"BMW OF NORTH AMERICA, LLC",VEHICLE,"SERVICE BRAKES, HYDRAULIC",20040101.0,20060228.0,9260.0,MFR,"BMW OF NORTH AMERICA, LLC",20060605.0
50733,06V134000,,BMW,R1200 RT,2006,"BMW OF NORTH AMERICA, LLC",VEHICLE,"SERVICE BRAKES, HYDRAULIC",20041201.0,20051231.0,9260.0,MFR,"BMW OF NORTH AMERICA, LLC",20060605.0
50734,06V134000,,BMW,R 1200 ST,2005,"BMW OF NORTH AMERICA, LLC",VEHICLE,"SERVICE BRAKES, HYDRAULIC",20041201.0,20060131.0,9260.0,MFR,"BMW OF NORTH AMERICA, LLC",20060605.0
50735,06V134000,,BMW,R1200 RT,2005,"BMW OF NORTH AMERICA, LLC",VEHICLE,"SERVICE BRAKES, HYDRAULIC",20041201.0,20051231.0,9260.0,MFR,"BMW OF NORTH AMERICA, LLC",20060605.0
50736,06V134000,,BMW,R1200 GS,2005,"BMW OF NORTH AMERICA, LLC",VEHICLE,"SERVICE BRAKES, HYDRAULIC",20040101.0,20060228.0,9260.0,MFR,"BMW OF NORTH AMERICA, LLC",20060605.0
54318,70V074000,,BMW,2002,1967,BAYERISCHE MOTOREN WERKE,VEHICLE,VEHICLE SPEED CONTROL:SPRINGS,,,17284.0,MFR,"BMW OF NORTH AMERICA, LLC",19700701.0
54319,70V074000,,BMW,2002,1968,BAYERISCHE MOTOREN WERKE,VEHICLE,VEHICLE SPEED CONTROL:SPRINGS,,,17284.0,MFR,"BMW OF NORTH AMERICA, LLC",19700701.0
54323,70V074000,,BMW,2002,1969,BAYERISCHE MOTOREN WERKE,VEHICLE,VEHICLE SPEED CONTROL:SPRINGS,,,17284.0,MFR,"BMW OF NORTH AMERICA, LLC",19700701.0
54639,74V019000,,BMW,2002A,1972,BAYERISCHE MOTOREN WERKE,VEHICLE,SEAT BELTS:FRONT:RETRACTOR,,,11000.0,ODI,"BMW OF NORTH AMERICA, LLC",
54640,74V019000,,BMW,2002TII,1972,BAYERISCHE MOTOREN WERKE,VEHICLE,SEAT BELTS:FRONT:RETRACTOR,,,11000.0,ODI,"BMW OF NORTH AMERICA, LLC",
54641,74V019000,,BMW,2002,1972,BAYERISCHE MOTOREN WERKE,VEHICLE,SEAT BELTS:FRONT:RETRACTOR,,,11000.0,ODI,"BMW OF NORTH AMERICA, LLC",
54733,73V118000,,FORD,F200,1973,FORD MOTOR COMPANY,VEHICLE,SEAT BELTS:FRONT:ANCHORAGE,19730401.0,19730401.0,11301.0,MFR,FORD MOTOR COMPANY,19730612.0
54974,04V576000,,BMW,R1200 GS,2005,"BMW OF NORTH AMERICA, LLC",VEHICLE,"SERVICE BRAKES, HYDRAULIC:FOUNDATION COMPONENTS:HOSES, LINES/PIPING, AND FITTINGS",20040930.0,20041028.0,485.0,MFR,"BMW OF NORTH AMERICA, LLC",20041215.0
55887,04V297000,,BMW,R1200 GS,2005,BAYERISCHE MOTOREN WERKE,VEHICLE,"SERVICE BRAKES, HYDRAULIC:ANTILOCK",20040105.0,20040316.0,99.0,MFR,"BMW OF NORTH AMERICA, LLC",20040714.0
55893,04V304000,,BMW,K1200 LT,2005,BAYERISCHE MOTOREN WERKE,VEHICLE,"SERVICE BRAKES, HYDRAULIC:FOUNDATION COMPONENTS:MASTER CYLINDER",20040401.0,20040430.0,181.0,MFR,"BMW OF NORTH AMERICA, LLC",20040716.0
56109,05V172000,,BMW,R 1200 ST,2005,"BMW OF NORTH AMERICA, LLC",VEHICLE,ENGINE AND ENGINE COOLING,20041201.0,20050303.0,500.0,MFR,"BMW OF NORTH AMERICA, LLC",20050510.0
56110,05V172000,,BMW,R1200 RT,2005,"BMW OF NORTH AMERICA, LLC",VEHICLE,ENGINE AND ENGINE COOLING,20041010.0,20050303.0,500.0,MFR,"BMW OF NORTH AMERICA, LLC",20050510.0
56111,05V172000,,BMW,R1200 GS,2005,"BMW OF NORTH AMERICA, LLC",VEHICLE,ENGINE AND ENGINE COOLING,20031102.0,20050303.0,500.0,MFR,"BMW OF NORTH AMERICA, LLC",20050510.0
56307,05V363000,,BMW,K1200 S,2005,"BMW OF NORTH AMERICA, LLC",VEHICLE,"SERVICE BRAKES, HYDRAULIC:ANTILOCK",20040518.0,20050429.0,331.0,MFR,"BMW OF NORTH AMERICA, LLC",20050923.0
58310,71V073000,,MERCEDES BENZ,220,1971,"MERCEDES-BENZ USA, INC.",VEHICLE,"SERVICE BRAKES, HYDRAULIC:POWER ASSIST:VACUUM:HOSES, LINES/PIPING, AND FITTINGS",19700301.0,19700901.0,16107.0,MFR,"MERCEDES-BENZ USA, LLC.",19710430.0
58456,70V013000,,TOYOTA,2000GT,1967,"TOYOTA MOTOR CO., LTD.",VEHICLE,STEERING:LINKAGES,,,51.0,MFR,TOYOTA MOTOR CORPORATION,19700126.0
62993,03V265000,WT,VOLKSWAGEN,NEW BEETLE,2001,"VOLKSWAGEN OF AMERICA,INC",VEHICLE,EXTERIOR LIGHTING:BRAKE LIGHTS:SWITCH,19980414.0,20011130.0,295136.0,ODI,"VOLKSWAGEN GROUP OF AMERICA, INC.",20030926.0
62994,03V265000,WT,VOLKSWAGEN,NEW BEETLE,1998,"VOLKSWAGEN OF AMERICA,INC",VEHICLE,EXTERIOR LIGHTING:BRAKE LIGHTS:SWITCH,19980414.0,20011130.0,295136.0,ODI,"VOLKSWAGEN GROUP OF AMERICA, INC.",20030926.0
62995,03V265000,WT,VOLKSWAGEN,NEW BEETLE,2000,"VOLKSWAGEN OF AMERICA,INC",VEHICLE,EXTERIOR LIGHTING:BRAKE LIGHTS:SWITCH,19980414.0,20011130.0,295136.0,ODI,"VOLKSWAGEN GROUP OF AMERICA, INC.",20030926.0
62996,03V265000,WT,VOLKSWAGEN,NEW BEETLE,1999,"VOLKSWAGEN OF AMERICA,INC",VEHICLE,EXTERIOR LIGHTING:BRAKE LIGHTS:SWITCH,19980414.0,20011130.0,295136.0,ODI,"VOLKSWAGEN GROUP OF AMERICA, INC.",20030926.0
63093,68V027000,,MERCEDES BENZ,230S,1968,"MERCEDES-BENZ USA, INC.",VEHICLE,"FUEL SYSTEM, GASOLINE:DELIVERY:FUEL PUMP",,,2404.0,MFR,"MERCEDES-BENZ USA, LLC.",19680329.0
63095,68V027000,,MERCEDES BENZ,230,1968,"MERCEDES-BENZ USA, INC.",VEHICLE,"FUEL SYSTEM, GASOLINE:DELIVERY:FUEL PUMP",,,2404.0,MFR,"MERCEDES-BENZ USA, LLC.",19680329.0
63148,03V356000,WU,VOLKSWAGEN,NEW BEETLE,2004,"VOLKSWAGEN OF AMERICA,INC",VEHICLE,AIR BAGS,20030701.0,20030831.0,333.0,MFR,"VOLKSWAGEN GROUP OF AMERICA, INC.",20031003.0
63438,67V012000,,BMW,2000,9999,BAYERISCHE MOTOREN WERKE,VEHICLE,"SERVICE BRAKES, HYDRAULIC:FOUNDATION COMPONENTS:HOSES, LINES/PIPING, AND FITTINGS",,,17.0,MFR,"BMW OF NORTH AMERICA, LLC",19680419.0
63439,67V012000,,BMW,1800,9999,BAYERISCHE MOTOREN WERKE,VEHICLE,"SERVICE BRAKES, HYDRAULIC:FOUNDATION COMPONENTS:HOSES, LINES/PIPING, AND FITTINGS",,,17.0,MFR,"BMW OF NORTH AMERICA, LLC",19680419.0
63814,66V027000,,MERCEDES BENZ,C230,9999,"MERCEDES-BENZ USA, INC.",VEHICLE,"FUEL SYSTEM, GASOLINE:FUEL INJECTION SYSTEM",,,2455.0,MFR,"MERCEDES-BENZ USA, LLC.",19661121.0
63908,68V102000,,MERCEDES BENZ,220,1968,"MERCEDES-BENZ USA, INC.",VEHICLE,EXTERIOR LIGHTING:HAZARD FLASHING WARNING LIGHTS:SWITCH,,,4295.0,MFR,"MERCEDES-BENZ USA, LLC.",19681023.0
63910,68V102000,,MERCEDES BENZ,230,1968,"MERCEDES-BENZ USA, INC.",VEHICLE,EXTERIOR LIGHTING:HAZARD FLASHING WARNING LIGHTS:SWITCH,,,4295.0,MFR,"MERCEDES-BENZ USA, LLC.",19681023.0
64224,68V044000,,BMW,2000CA,9999,BAYERISCHE MOTOREN WERKE,VEHICLE,"FUEL SYSTEM, GASOLINE:DELIVERY",,,3501.0,MFR,"BMW OF NORTH AMERICA, LLC",
64226,68V044000,,BMW,2000A,9999,BAYERISCHE MOTOREN WERKE,VEHICLE,"FUEL SYSTEM, GASOLINE:DELIVERY",,,3501.0,MFR,"BMW OF NORTH AMERICA, LLC",
64227,68V044000,,BMW,2000C,9999,BAYERISCHE MOTOREN WERKE,VEHICLE,"FUEL SYSTEM, GASOLINE:DELIVERY",,,3501.0,MFR,"BMW OF NORTH AMERICA, LLC",
64228,68V044000,,BMW,2000,9999,BAYERISCHE MOTOREN WERKE,VEHICLE,"FUEL SYSTEM, GASOLINE:DELIVERY",,,3501.0,MFR,"BMW OF NORTH AMERICA, LLC",
64229,68V044000,,BMW,1800,9999,BAYERISCHE MOTOREN WERKE,VEHICLE,"FUEL SYSTEM, GASOLINE:DELIVERY",,,3501.0,MFR,"BMW OF NORTH AMERICA, LLC",
67449,09V256000,R1200 RT,BMW,R1200 RT,2009,"BMW OF NORTH AMERICA, LLC",VEHICLE,"SERVICE BRAKES, HYDRAULIC",,,1535.0,MFR,"BMW OF NORTH AMERICA, LLC",20091005.0
67450,09V256000,R1200 RT,BMW,R1200 RT,2008,"BMW OF NORTH AMERICA, LLC",VEHICLE,"SERVICE BRAKES, HYDRAULIC",,,1535.0,MFR,"BMW OF NORTH AMERICA, LLC",20091005.0
67451,09V256000,R1200 RT,BMW,R1200 RT,2007,"BMW OF NORTH AMERICA, LLC",VEHICLE,"SERVICE BRAKES, HYDRAULIC",,,1535.0,MFR,"BMW OF NORTH AMERICA, LLC",20091005.0
68817,10V275000,,BMW,R 1200 GS ADVENTURE,2007,"BMW OF NORTH AMERICA, LLC",VEHICLE,"FUEL SYSTEM, GASOLINE:STORAGE:TANK ASSEMBLY",20051207.0,20070926.0,2070.0,MFR,"BMW OF NORTH AMERICA, LLC",20100830.0
68818,10V275000,,BMW,R 1200 GS ADVENTURE,2006,"BMW OF NORTH AMERICA, LLC",VEHICLE,"FUEL SYSTEM, GASOLINE:STORAGE:TANK ASSEMBLY",20051205.0,20070926.0,2070.0,MFR,"BMW OF NORTH AMERICA, LLC",20100830.0
68819,10V275000,,BMW,R 1200 GS ADVENTURE,2005,"BMW OF NORTH AMERICA, LLC",VEHICLE,"FUEL SYSTEM, GASOLINE:STORAGE:TANK ASSEMBLY",20051205.0,20071226.0,2070.0,MFR,"BMW OF NORTH AMERICA, LLC",20100830.0
68835,10V276000,,BMW,R 1200 GS ADVENTURE,2008,"BMW OF NORTH AMERICA, LLC",VEHICLE,"SERVICE BRAKES, HYDRAULIC",,,15532.0,MFR,"BMW OF NORTH AMERICA, LLC",20100920.0
68836,10V276000,,BMW,R 1200 GS ADVENTURE,2009,"BMW OF NORTH AMERICA, LLC",VEHICLE,"SERVICE BRAKES, HYDRAULIC",,,15532.0,MFR,"BMW OF NORTH AMERICA, LLC",20100920.0
68837,10V276000,,BMW,R 1200 GS,2009,"BMW OF NORTH AMERICA, LLC",VEHICLE,"SERVICE BRAKES, HYDRAULIC",,,15532.0,MFR,"BMW OF NORTH AMERICA, LLC",20100920.0
68838,10V276000,,BMW,R 1200 GS,2008,"BMW OF NORTH AMERICA, LLC",VEHICLE,"SERVICE BRAKES, HYDRAULIC",,,15532.0,MFR,"BMW OF NORTH AMERICA, LLC",20100920.0
68839,10V276000,,BMW,R 1200 RT,2008,"BMW OF NORTH AMERICA, LLC",VEHICLE,"SERVICE BRAKES, HYDRAULIC",,,15532.0,MFR,"BMW OF NORTH AMERICA, LLC",20100920.0
68840,10V276000,,BMW,R 1200 GS ADVENTURE,2007,"BMW OF NORTH AMERICA, LLC",VEHICLE,"SERVICE BRAKES, HYDRAULIC",,,15532.0,MFR,"BMW OF NORTH AMERICA, LLC",20100920.0
68841,10V276000,,BMW,K 1200 GT,2007,"BMW OF NORTH AMERICA, LLC",VEHICLE,"SERVICE BRAKES, HYDRAULIC",,,15532.0,MFR,"BMW OF NORTH AMERICA, LLC",20100920.0
68842,10V276000,,BMW,K 1200 GT,2008,"BMW OF NORTH AMERICA, LLC",VEHICLE,"SERVICE BRAKES, HYDRAULIC",,,15532.0,MFR,"BMW OF NORTH AMERICA, LLC",20100920.0
68843,10V276000,,BMW,R 1200 RT,2007,"BMW OF NORTH AMERICA, LLC",VEHICLE,"SERVICE BRAKES, HYDRAULIC",,,15532.0,MFR,"BMW OF NORTH AMERICA, LLC",20100920.0
68844,10V276000,,BMW,R 1200 RT,2009,"BMW OF NORTH AMERICA, LLC",VEHICLE,"SERVICE BRAKES, HYDRAULIC",,,15532.0,MFR,"BMW OF NORTH AMERICA, LLC",20100920.0
68845,10V276000,,BMW,R 1200 R,2009,"BMW OF NORTH AMERICA, LLC",VEHICLE,"SERVICE BRAKES, HYDRAULIC",,,15532.0,MFR,"BMW OF NORTH AMERICA, LLC",20100920.0
68846,10V276000,,BMW,R 1200 R,2008,"BMW OF NORTH AMERICA, LLC",VEHICLE,"SERVICE BRAKES, HYDRAULIC",,,15532.0,MFR,"BMW OF NORTH AMERICA, LLC",20100920.0
68847,10V276000,,BMW,R 1200 R,2007,"BMW OF NORTH AMERICA, LLC",VEHICLE,"SERVICE BRAKES, HYDRAULIC",,,15532.0,MFR,"BMW OF NORTH AMERICA, LLC",20100920.0
68848,10V276000,,BMW,R 1200 GS,2007,"BMW OF NORTH AMERICA, LLC",VEHICLE,"SERVICE BRAKES, HYDRAULIC",,,15532.0,MFR,"BMW OF NORTH AMERICA, LLC",20100920.0
68849,10V276000,,BMW,R 1200 ST,2007,"BMW OF NORTH AMERICA, LLC",VEHICLE,"SERVICE BRAKES, HYDRAULIC",,,15532.0,MFR,"BMW OF NORTH AMERICA, LLC",20100920.0
69930,10V488000,,BMW,K1200 GT,2008,"BMW OF NORTH AMERICA, LLC",VEHICLE,SUSPENSION:REAR,20040501.0,20080831.0,11826.0,MFR,"BMW OF NORTH AMERICA, LLC",20110330.0
69931,10V488000,,BMW,K1200 S,2008,"BMW OF NORTH AMERICA, LLC",VEHICLE,SUSPENSION:REAR,20040501.0,20080831.0,11826.0,MFR,"BMW OF NORTH AMERICA, LLC",20110330.0
69932,10V488000,,BMW,K1200 R,2008,"BMW OF NORTH AMERICA, LLC",VEHICLE,SUSPENSION:REAR,20040501.0,20080831.0,11826.0,MFR,"BMW OF NORTH AMERICA, LLC",20110330.0
69933,10V488000,,BMW,K1200 GT,2005,"BMW OF NORTH AMERICA, LLC",VEHICLE,SUSPENSION:REAR,20040501.0,20080831.0,11826.0,MFR,"BMW OF NORTH AMERICA, LLC",20110330.0
69934,10V488000,,BMW,K1200 GT,2006,"BMW OF NORTH AMERICA, LLC",VEHICLE,SUSPENSION:REAR,20040501.0,20080831.0,11826.0,MFR,"BMW OF NORTH AMERICA, LLC",20110330.0
69935,10V488000,,BMW,K1200 GT,2007,"BMW OF NORTH AMERICA, LLC",VEHICLE,SUSPENSION:REAR,20040501.0,20080831.0,11826.0,MFR,"BMW OF NORTH AMERICA, LLC",20110330.0
69936,10V488000,,BMW,K1200 R,2005,"BMW OF NORTH AMERICA, LLC",VEHICLE,SUSPENSION:REAR,20040501.0,20080831.0,11826.0,MFR,"BMW OF NORTH AMERICA, LLC",20110330.0
69937,10V488000,,BMW,K1200 R,2007,"BMW OF NORTH AMERICA, LLC",VEHICLE,SUSPENSION:REAR,20040501.0,20080831.0,11826.0,MFR,"BMW OF NORTH AMERICA, LLC",20110330.0
69938,10V488000,,BMW,K1200 S,2007,"BMW OF NORTH AMERICA, LLC",VEHICLE,SUSPENSION:REAR,20040501.0,20080831.0,11826.0,MFR,"BMW OF NORTH AMERICA, LLC",20110330.0
69939,10V488000,,BMW,K1200 R,2006,"BMW OF NORTH AMERICA, LLC",VEHICLE,SUSPENSION:REAR,20040501.0,20080831.0,11826.0,MFR,"BMW OF NORTH AMERICA, LLC",20110330.0
69940,10V488000,,BMW,K1200 S,2006,"BMW OF NORTH AMERICA, LLC",VEHICLE,SUSPENSION:REAR,20040501.0,20080831.0,11826.0,MFR,"BMW OF NORTH AMERICA, LLC",20110330.0
69941,10V488000,,BMW,K1200 S,2005,"BMW OF NORTH AMERICA, LLC",VEHICLE,SUSPENSION:REAR,20040501.0,20080831.0,11826.0,MFR,"BMW OF NORTH AMERICA, LLC",20110330.0
72318,07V466000,,BMW,K1200 R SPORT,2007,"BMW OF NORTH AMERICA, LLC",VEHICLE,"SERVICE BRAKES, HYDRAULIC:FLUID",20050623.0,20070719.0,510.0,MFR,"BMW OF NORTH AMERICA, LLC",20071214.0
72319,07V466000,,BMW,K1200 R SPORT,2006,"BMW OF NORTH AMERICA, LLC",VEHICLE,"SERVICE BRAKES, HYDRAULIC:FLUID",20050623.0,20070719.0,510.0,MFR,"BMW OF NORTH AMERICA, LLC",20071214.0
72320,07V466000,,BMW,K1200 R SPORT,2005,"BMW OF NORTH AMERICA, LLC",VEHICLE,"SERVICE BRAKES, HYDRAULIC:FLUID",20050623.0,20070719.0,510.0,MFR,"BMW OF NORTH AMERICA, LLC",20071214.0
72856,08V254000,,BMW,R1200 R,2008,"BMW OF NORTH AMERICA, LLC",VEHICLE,"SERVICE BRAKES, HYDRAULIC:FOUNDATION COMPONENTS:HOSES, LINES/PIPING, AND FITTINGS",20060830.0,20080205.0,4922.0,MFR,"BMW OF NORTH AMERICA, LLC",20080801.0
72857,08V254000,,BMW,R1200 R,2007,"BMW OF NORTH AMERICA, LLC",VEHICLE,"SERVICE BRAKES, HYDRAULIC:FOUNDATION COMPONENTS:HOSES, LINES/PIPING, AND FITTINGS",20060830.0,20080205.0,4922.0,MFR,"BMW OF NORTH AMERICA, LLC",20080801.0
72858,08V254000,,BMW,R1200 GS,2008,"BMW OF NORTH AMERICA, LLC",VEHICLE,"SERVICE BRAKES, HYDRAULIC:FOUNDATION COMPONENTS:HOSES, LINES/PIPING, AND FITTINGS",20071011.0,20080314.0,4922.0,MFR,"BMW OF NORTH AMERICA, LLC",20080801.0
72859,08V254000,,BMW,R1200 ST,2007,"BMW OF NORTH AMERICA, LLC",VEHICLE,"SERVICE BRAKES, HYDRAULIC:FOUNDATION COMPONENTS:HOSES, LINES/PIPING, AND FITTINGS",20070130.0,20070615.0,4922.0,MFR,"BMW OF NORTH AMERICA, LLC",20080801.0
72860,08V254000,,BMW,R1200 GS,2007,"BMW OF NORTH AMERICA, LLC",VEHICLE,"SERVICE BRAKES, HYDRAULIC:FOUNDATION COMPONENTS:HOSES, LINES/PIPING, AND FITTINGS",20060706.0,20070706.0,4922.0,MFR,"BMW OF NORTH AMERICA, LLC",20080801.0
72861,08V254000,,BMW,R1200 GS ADVENTURE,2008,"BMW OF NORTH AMERICA, LLC",VEHICLE,"SERVICE BRAKES, HYDRAULIC:FOUNDATION COMPONENTS:HOSES, LINES/PIPING, AND FITTINGS",20071010.0,20080313.0,4922.0,MFR,"BMW OF NORTH AMERICA, LLC",20080801.0
72862,08V254000,,BMW,R1200 GS,2006,"BMW OF NORTH AMERICA, LLC",VEHICLE,"SERVICE BRAKES, HYDRAULIC:FOUNDATION COMPONENTS:HOSES, LINES/PIPING, AND FITTINGS",20060706.0,20070706.0,4922.0,MFR,"BMW OF NORTH AMERICA, LLC",20080801.0
74621,08V290000,,BMW,R1200 R,2008,"BMW OF NORTH AMERICA, LLC",VEHICLE,POWER TRAIN:MANUAL TRANSMISSION,20080212.0,20080214.0,46.0,MFR,"BMW OF NORTH AMERICA, LLC",20080801.0
74622,08V290000,,BMW,R1200 GS,2008,"BMW OF NORTH AMERICA, LLC",VEHICLE,POWER TRAIN:MANUAL TRANSMISSION,20080212.0,20080218.0,46.0,MFR,"BMW OF NORTH AMERICA, LLC",20080801.0
74623,08V290000,,BMW,R1200 GS ADVENTURE,2008,"BMW OF NORTH AMERICA, LLC",VEHICLE,POWER TRAIN:MANUAL TRANSMISSION,20080214.0,20080214.0,46.0,MFR,"BMW OF NORTH AMERICA, LLC",20080801.0
76176,08V245000,,BMW,K1200 GT,2008,"BMW OF NORTH AMERICA, LLC",VEHICLE,"SERVICE BRAKES, HYDRAULIC:FOUNDATION COMPONENTS:DISC",20080111.0,20080116.0,548.0,MFR,"BMW OF NORTH AMERICA, LLC",20080801.0
76177,08V245000,,BMW,K1200 S,2008,"BMW OF NORTH AMERICA, LLC",VEHICLE,"SERVICE BRAKES, HYDRAULIC:FOUNDATION COMPONENTS:DISC",20071030.0,20080116.0,548.0,MFR,"BMW OF NORTH AMERICA, LLC",20080801.0
78744,08V342000,,BMW,R1200 R,2007,"BMW OF NORTH AMERICA, LLC",VEHICLE,STEERING,20070326.0,20070504.0,428.0,MFR,"BMW OF NORTH AMERICA, LLC",20080901.0
78747,08V342000,,BMW,K1200 GT,2007,"BMW OF NORTH AMERICA, LLC",VEHICLE,STEERING,20070402.0,20070512.0,428.0,MFR,"BMW OF NORTH AMERICA, LLC",20080901.0
78748,08V342000,,BMW,K1200 R SPORT,2007,"BMW OF NORTH AMERICA, LLC",VEHICLE,STEERING,20070402.0,20070512.0,428.0,MFR,"BMW OF NORTH AMERICA, LLC",20080901.0
78749,08V342000,,BMW,K1200 R,2007,"BMW OF NORTH AMERICA, LLC",VEHICLE,STEERING,20070402.0,20070511.0,428.0,MFR,"BMW OF NORTH AMERICA, LLC",20080901.0
78750,08V342000,,BMW,K1200 S,2007,"BMW OF NORTH AMERICA, LLC",VEHICLE,STEERING,20070402.0,20070510.0,428.0,MFR,"BMW OF NORTH AMERICA, LLC",20080901.0
80497,08V405000,2008080004,MERCEDES BENZ,S220,2002,"MERCEDES-BENZ USA, LLC.",VEHICLE,SUSPENSION,20020401.0,20050228.0,4564.0,MFR,"MERCEDES-BENZ USA, LLC.",20080922.0
80498,08V405000,2008080004,MERCEDES BENZ,SL230,2006,"MERCEDES-BENZ USA, LLC.",VEHICLE,SUSPENSION,20020501.0,20061231.0,4564.0,MFR,"MERCEDES-BENZ USA, LLC.",20080922.0
80499,08V405000,2008080004,MERCEDES BENZ,SL230,2005,"MERCEDES-BENZ USA, LLC.",VEHICLE,SUSPENSION,20020501.0,20061231.0,4564.0,MFR,"MERCEDES-BENZ USA, LLC.",20080922.0
80500,08V405000,2008080004,MERCEDES BENZ,SL230,2004,"MERCEDES-BENZ USA, LLC.",VEHICLE,SUSPENSION,20020501.0,20061231.0,4564.0,MFR,"MERCEDES-BENZ USA, LLC.",20080922.0
80503,08V405000,2008080004,MERCEDES BENZ,S220,2006,"MERCEDES-BENZ USA, LLC.",VEHICLE,SUSPENSION,20020401.0,20050228.0,4564.0,MFR,"MERCEDES-BENZ USA, LLC.",20080922.0
80504,08V405000,2008080004,MERCEDES BENZ,S220,2005,"MERCEDES-BENZ USA, LLC.",VEHICLE,SUSPENSION,20020401.0,20050228.0,4564.0,MFR,"MERCEDES-BENZ USA, LLC.",20080922.0
80505,08V405000,2008080004,MERCEDES BENZ,S220,2004,"MERCEDES-BENZ USA, LLC.",VEHICLE,SUSPENSION,20020401.0,20050228.0,4564.0,MFR,"MERCEDES-BENZ USA, LLC.",20080922.0
80506,08V405000,2008080004,MERCEDES BENZ,S220,2003,"MERCEDES-BENZ USA, LLC.",VEHICLE,SUSPENSION,20020401.0,20050228.0,4564.0,MFR,"MERCEDES-BENZ USA, LLC.",20080922.0
80507,08V405000,2008080004,MERCEDES BENZ,SL230,2007,"MERCEDES-BENZ USA, LLC.",VEHICLE,SUSPENSION,20020501.0,20061231.0,4564.0,MFR,"MERCEDES-BENZ USA, LLC.",20080922.0
80508,08V405000,2008080004,MERCEDES BENZ,SL230,2003,"MERCEDES-BENZ USA, LLC.",VEHICLE,SUSPENSION,20020501.0,20061231.0,4564.0,MFR,"MERCEDES-BENZ USA, LLC.",20080922.0
81993,08V239000,,BMW,K1200 GT,2008,"BMW OF NORTH AMERICA, LLC",VEHICLE,ENGINE AND ENGINE COOLING:ENGINE,20071211.0,20080109.0,39.0,MFR,"BMW OF NORTH AMERICA, LLC",20080801.0
81994,08V239000,,BMW,K1200 S,2008,"BMW OF NORTH AMERICA, LLC",VEHICLE,ENGINE AND ENGINE COOLING:ENGINE,20071211.0,20080110.0,39.0,MFR,"BMW OF NORTH AMERICA, LLC",20080801.0
82057,10V328000,,BMW,R 1200 RT (AUTHORITY),2009,"BMW OF NORTH AMERICA, LLC",VEHICLE,EQUIPMENT,20050401.0,20090930.0,1900.0,MFR,"BMW OF NORTH AMERICA, LLC",20101102.0
82058,10V328000,,BMW,R 1200 RT (AUTHORITY),2008,"BMW OF NORTH AMERICA, LLC",VEHICLE,EQUIPMENT,20050401.0,20090930.0,1900.0,MFR,"BMW OF NORTH AMERICA, LLC",20101102.0
82059,10V328000,,BMW,R 1200 RT (AUTHORITY),2007,"BMW OF NORTH AMERICA, LLC",VEHICLE,EQUIPMENT,20050401.0,20090930.0,1900.0,MFR,"BMW OF NORTH AMERICA, LLC",20101102.0
82060,10V328000,,BMW,R 1200 RT (AUTHORITY),2006,"BMW OF NORTH AMERICA, LLC",VEHICLE,EQUIPMENT,20050401.0,20090930.0,1900.0,MFR,"BMW OF NORTH AMERICA, LLC",20101102.0
82061,10V328000,,BMW,R 1200 RT (AUTHORITY),2005,"BMW OF NORTH AMERICA, LLC",VEHICLE,EQUIPMENT,20050401.0,20090930.0,1900.0,MFR,"BMW OF NORTH AMERICA, LLC",20101102.0
87334,09V129000,,BMW,R1200 GS,2008,"BMW OF NORTH AMERICA, LLC",VEHICLE,ELECTRICAL SYSTEM,20080101.0,20080330.0,893.0,MFR,"BMW OF NORTH AMERICA, LLC",20091026.0
87335,09V129000,,BMW,R1200 GS ADVENTURE,2008,"BMW OF NORTH AMERICA, LLC",VEHICLE,ELECTRICAL SYSTEM,20080101.0,20080330.0,893.0,MFR,"BMW OF NORTH AMERICA, LLC",20091026.0
87826,09V319000,,BMW,R1200 GS,2008,"BMW OF NORTH AMERICA, LLC",VEHICLE,"FUEL SYSTEM, GASOLINE:DELIVERY:FUEL PUMP",20060801.0,20080131.0,4839.0,MFR,"BMW OF NORTH AMERICA, LLC",20091109.0
87827,09V319000,,BMW,R1200 GS,2007,"BMW OF NORTH AMERICA, LLC",VEHICLE,"FUEL SYSTEM, GASOLINE:DELIVERY:FUEL PUMP",20060801.0,20080131.0,4839.0,MFR,"BMW OF NORTH AMERICA, LLC",20091109.0
87828,09V319000,,BMW,R1200 GS,2006,"BMW OF NORTH AMERICA, LLC",VEHICLE,"FUEL SYSTEM, GASOLINE:DELIVERY:FUEL PUMP",20060801.0,20080131.0,4839.0,MFR,"BMW OF NORTH AMERICA, LLC",20091109.0
93112,12V487000,,BMW,K1200 S,2008,"BMW of North America, LLC",VEHICLE,"SERVICE BRAKES, HYDRAULIC",20060901.0,20080831.0,2483.0,MFR,"BMW OF NORTH AMERICA, LLC",20121219.0
93113,12V487000,,BMW,K1200 R SPORT,2008,"BMW of North America, LLC",VEHICLE,"SERVICE BRAKES, HYDRAULIC",20061101.0,20080831.0,2483.0,MFR,"BMW OF NORTH AMERICA, LLC",20121219.0
93114,12V487000,,BMW,K1200 R,2008,"BMW of North America, LLC",VEHICLE,"SERVICE BRAKES, HYDRAULIC",20060901.0,20080831.0,2483.0,MFR,"BMW OF NORTH AMERICA, LLC",20121219.0
93115,12V487000,,BMW,K1200 R SPORT,2007,"BMW of North America, LLC",VEHICLE,"SERVICE BRAKES, HYDRAULIC",20061101.0,20080831.0,2483.0,MFR,"BMW OF NORTH AMERICA, LLC",20121219.0
93116,12V487000,,BMW,K1200 R,2007,"BMW of North America, LLC",VEHICLE,"SERVICE BRAKES, HYDRAULIC",20060901.0,20080831.0,2483.0,MFR,"BMW OF NORTH AMERICA, LLC",20121219.0
93117,12V487000,,BMW,K1200 S,2007,"BMW of North America, LLC",VEHICLE,"SERVICE BRAKES, HYDRAULIC",20060901.0,20080831.0,2483.0,MFR,"BMW OF NORTH AMERICA, LLC",20121219.0
97004,13V154000,,BMW,R1200 GS,2013,"BMW of North America, LLC",VEHICLE,SUSPENSION:FRONT,20130109.0,20130208.0,15.0,MFR,"BMW OF NORTH AMERICA, LLC",20130422.0
101496,13V617000,,BMW,K 1200 R,2006,"BMW of North America, LLC",VEHICLE,"FUEL SYSTEM, GASOLINE:DELIVERY:FUEL PUMP",20050121.0,20080318.0,50184.0,ODI,"BMW OF NORTH AMERICA, LLC",20140416.0
101500,13V617000,,BMW,K 1200 GT,2006,"BMW of North America, LLC",VEHICLE,"FUEL SYSTEM, GASOLINE:DELIVERY:FUEL PUMP",20051128.0,20080404.0,50184.0,ODI,"BMW OF NORTH AMERICA, LLC",20140416.0
101501,13V617000,,BMW,K 1200 S,2006,"BMW of North America, LLC",VEHICLE,"FUEL SYSTEM, GASOLINE:DELIVERY:FUEL PUMP",20040414.0,20080327.0,50184.0,ODI,"BMW OF NORTH AMERICA, LLC",20140416.0
101502,13V617000,,BMW,K 1200 S,2005,"BMW of North America, LLC",VEHICLE,"FUEL SYSTEM, GASOLINE:DELIVERY:FUEL PUMP",20040414.0,20080327.0,50184.0,ODI,"BMW OF NORTH AMERICA, LLC",20140416.0
101503,13V617000,,BMW,K 1200 R,2008,"BMW of North America, LLC",VEHICLE,"FUEL SYSTEM, GASOLINE:DELIVERY:FUEL PUMP",20050121.0,20080318.0,50184.0,ODI,"BMW OF NORTH AMERICA, LLC",20140416.0
101504,13V617000,,BMW,K 1200 R,2007,"BMW of North America, LLC",VEHICLE,"FUEL SYSTEM, GASOLINE:DELIVERY:FUEL PUMP",20050121.0,20080318.0,50184.0,ODI,"BMW OF NORTH AMERICA, LLC",20140416.0
101510,13V617000,,BMW,R 1200 ST,2006,"BMW of North America, LLC",VEHICLE,"FUEL SYSTEM, GASOLINE:DELIVERY:FUEL PUMP",20041222.0,20070615.0,50184.0,ODI,"BMW OF NORTH AMERICA, LLC",20140416.0
101511,13V617000,,BMW,R 1200 R,2011,"BMW of North America, LLC",VEHICLE,"FUEL SYSTEM, GASOLINE:DELIVERY:FUEL PUMP",20060830.0,20110411.0,50184.0,ODI,"BMW OF NORTH AMERICA, LLC",20140416.0
101512,13V617000,,BMW,R 1200 RT,2011,"BMW of North America, LLC",VEHICLE,"FUEL SYSTEM, GASOLINE:DELIVERY:FUEL PUMP",20050107.0,20110413.0,50184.0,ODI,"BMW OF NORTH AMERICA, LLC",20140416.0
101513,13V617000,,BMW,R 1200 RT,2010,"BMW of North America, LLC",VEHICLE,"FUEL SYSTEM, GASOLINE:DELIVERY:FUEL PUMP",20050107.0,20110413.0,50184.0,ODI,"BMW OF NORTH AMERICA, LLC",20140416.0
101514,13V617000,,BMW,R 1200 GS ADVENTURE,2011,"BMW of North America, LLC",VEHICLE,"FUEL SYSTEM, GASOLINE:DELIVERY:FUEL PUMP",20051207.0,20110328.0,50184.0,ODI,"BMW OF NORTH AMERICA, LLC",20140416.0
101515,13V617000,,BMW,R 1200 GS ADVENTURE,2010,"BMW of North America, LLC",VEHICLE,"FUEL SYSTEM, GASOLINE:DELIVERY:FUEL PUMP",20051207.0,20110328.0,50184.0,ODI,"BMW OF NORTH AMERICA, LLC",20140416.0
101516,13V617000,,BMW,R 1200 R,2010,"BMW of North America, LLC",VEHICLE,"FUEL SYSTEM, GASOLINE:DELIVERY:FUEL PUMP",20060830.0,20110411.0,50184.0,ODI,"BMW OF NORTH AMERICA, LLC",20140416.0
101519,13V617000,,BMW,K 1200 R SPORT,2007,"BMW of North America, LLC",VEHICLE,"FUEL SYSTEM, GASOLINE:DELIVERY:FUEL PUMP",20060906.0,20070525.0,50184.0,ODI,"BMW OF NORTH AMERICA, LLC",20140416.0
101520,13V617000,,BMW,K 1200 S,2008,"BMW of North America, LLC",VEHICLE,"FUEL SYSTEM, GASOLINE:DELIVERY:FUEL PUMP",20040414.0,20080327.0,50184.0,ODI,"BMW OF NORTH AMERICA, LLC",20140416.0
101521,13V617000,,BMW,K 1200 S,2007,"BMW of North America, LLC",VEHICLE,"FUEL SYSTEM, GASOLINE:DELIVERY:FUEL PUMP",20040414.0,20080327.0,50184.0,ODI,"BMW OF NORTH AMERICA, LLC",20140416.0
101522,13V617000,,BMW,R 1200 GS,2011,"BMW of North America, LLC",VEHICLE,"FUEL SYSTEM, GASOLINE:DELIVERY:FUEL PUMP",20040106.0,20110330.0,50184.0,ODI,"BMW OF NORTH AMERICA, LLC",20140416.0
101523,13V617000,,BMW,R 1200 GS,2010,"BMW of North America, LLC",VEHICLE,"FUEL SYSTEM, GASOLINE:DELIVERY:FUEL PUMP",20040106.0,20110330.0,50184.0,ODI,"BMW OF NORTH AMERICA, LLC",20140416.0
101524,13V617000,,BMW,R 1200 S,2007,"BMW of North America, LLC",VEHICLE,"FUEL SYSTEM, GASOLINE:DELIVERY:FUEL PUMP",20060530.0,20070927.0,50184.0,ODI,"BMW OF NORTH AMERICA, LLC",20140416.0
101529,13V617000,,BMW,R 1200 RT,2006,"BMW of North America, LLC",VEHICLE,"FUEL SYSTEM, GASOLINE:DELIVERY:FUEL PUMP",20050107.0,20110413.0,50184.0,ODI,"BMW OF NORTH AMERICA, LLC",20140416.0
101530,13V617000,,BMW,R 1200 RT,2005,"BMW of North America, LLC",VEHICLE,"FUEL SYSTEM, GASOLINE:DELIVERY:FUEL PUMP",20050107.0,20110413.0,50184.0,ODI,"BMW OF NORTH AMERICA, LLC",20140416.0
101531,13V617000,,BMW,R 1200 GS ADVENTURE,2008,"BMW of North America, LLC",VEHICLE,"FUEL SYSTEM, GASOLINE:DELIVERY:FUEL PUMP",20051207.0,20110328.0,50184.0,ODI,"BMW OF NORTH AMERICA, LLC",20140416.0
101532,13V617000,,BMW,R 1200 GS ADVENTURE,2009,"BMW of North America, LLC",VEHICLE,"FUEL SYSTEM, GASOLINE:DELIVERY:FUEL PUMP",20051207.0,20110328.0,50184.0,ODI,"BMW OF NORTH AMERICA, LLC",20140416.0
101533,13V617000,,BMW,R 1200 GS,2009,"BMW of North America, LLC",VEHICLE,"FUEL SYSTEM, GASOLINE:DELIVERY:FUEL PUMP",20040106.0,20110330.0,50184.0,ODI,"BMW OF NORTH AMERICA, LLC",20140416.0
101534,13V617000,,BMW,R 1200 GS,2008,"BMW of North America, LLC",VEHICLE,"FUEL SYSTEM, GASOLINE:DELIVERY:FUEL PUMP",20040106.0,20110330.0,50184.0,ODI,"BMW OF NORTH AMERICA, LLC",20140416.0
101535,13V617000,,BMW,R 1200 RT,2008,"BMW of North America, LLC",VEHICLE,"FUEL SYSTEM, GASOLINE:DELIVERY:FUEL PUMP",20050107.0,20110413.0,50184.0,ODI,"BMW OF NORTH AMERICA, LLC",20140416.0
101536,13V617000,,BMW,R 1200 GS ADVENTURE,2007,"BMW of North America, LLC",VEHICLE,"FUEL SYSTEM, GASOLINE:DELIVERY:FUEL PUMP",20051207.0,20110328.0,50184.0,ODI,"BMW OF NORTH AMERICA, LLC",20140416.0
101537,13V617000,,BMW,K 1200 GT,2007,"BMW of North America, LLC",VEHICLE,"FUEL SYSTEM, GASOLINE:DELIVERY:FUEL PUMP",20051128.0,20080404.0,50184.0,ODI,"BMW OF NORTH AMERICA, LLC",20140416.0
101538,13V617000,,BMW,K 1200 GT,2008,"BMW of North America, LLC",VEHICLE,"FUEL SYSTEM, GASOLINE:DELIVERY:FUEL PUMP",20051128.0,20080404.0,50184.0,ODI,"BMW OF NORTH AMERICA, LLC",20140416.0
101539,13V617000,,BMW,R 1200 RT,2007,"BMW of North America, LLC",VEHICLE,"FUEL SYSTEM, GASOLINE:DELIVERY:FUEL PUMP",20050107.0,20110413.0,50184.0,ODI,"BMW OF NORTH AMERICA, LLC",20140416.0
101540,13V617000,,BMW,R 1200 RT,2009,"BMW of North America, LLC",VEHICLE,"FUEL SYSTEM, GASOLINE:DELIVERY:FUEL PUMP",20050107.0,20110413.0,50184.0,ODI,"BMW OF NORTH AMERICA, LLC",20140416.0
101541,13V617000,,BMW,R 1200 R,2009,"BMW of North America, LLC",VEHICLE,"FUEL SYSTEM, GASOLINE:DELIVERY:FUEL PUMP",20060830.0,20110411.0,50184.0,ODI,"BMW OF NORTH AMERICA, LLC",20140416.0
101542,13V617000,,BMW,R 1200 R,2008,"BMW of North America, LLC",VEHICLE,"FUEL SYSTEM, GASOLINE:DELIVERY:FUEL PUMP",20060830.0,20110411.0,50184.0,ODI,"BMW OF NORTH AMERICA, LLC",20140416.0
101543,13V617000,,BMW,R 1200 R,2007,"BMW of North America, LLC",VEHICLE,"FUEL SYSTEM, GASOLINE:DELIVERY:FUEL PUMP",20060830.0,20110411.0,50184.0,ODI,"BMW OF NORTH AMERICA, LLC",20140416.0
101544,13V617000,,BMW,R 1200 GS ADVENTURE,2006,"BMW of North America, LLC",VEHICLE,"FUEL SYSTEM, GASOLINE:DELIVERY:FUEL PUMP",20051207.0,20110328.0,50184.0,ODI,"BMW OF NORTH AMERICA, LLC",20140416.0
101545,13V617000,,BMW,R 1200 GS,2005,"BMW of North America, LLC",VEHICLE,"FUEL SYSTEM, GASOLINE:DELIVERY:FUEL PUMP",20040106.0,20110330.0,50184.0,ODI,"BMW OF NORTH AMERICA, LLC",20140416.0
101546,13V617000,,BMW,R 1200 GS,2007,"BMW of North America, LLC",VEHICLE,"FUEL SYSTEM, GASOLINE:DELIVERY:FUEL PUMP",20040106.0,20110330.0,50184.0,ODI,"BMW OF NORTH AMERICA, LLC",20140416.0
101548,13V617000,,BMW,R 1200 ST,2007,"BMW of North America, LLC",VEHICLE,"FUEL SYSTEM, GASOLINE:DELIVERY:FUEL PUMP",20041222.0,20070615.0,50184.0,ODI,"BMW OF NORTH AMERICA, LLC",20140416.0
101550,13V617000,,BMW,R 1200 GS,2006,"BMW of North America, LLC",VEHICLE,"FUEL SYSTEM, GASOLINE:DELIVERY:FUEL PUMP",20040106.0,20110330.0,50184.0,ODI,"BMW OF NORTH AMERICA, LLC",20140416.0
101551,13V617000,,BMW,R 1200 ST,2005,"BMW of North America, LLC",VEHICLE,"FUEL SYSTEM, GASOLINE:DELIVERY:FUEL PUMP",20041222.0,20070615.0,50184.0,ODI,"BMW OF NORTH AMERICA, LLC",20140416.0
102056,14V065000,,BMW,R1200 GS,2013,"BMW of North America, LLC",VEHICLE,ELECTRICAL SYSTEM,20130819.0,20130918.0,4453.0,MFR,"BMW OF NORTH AMERICA, LLC",20140408.0
102057,14V065000,,BMW,R1200 GS,2013,"BMW of North America, LLC",VEHICLE,STRUCTURE:MOTORCYCLE KICKSTAND/CENTER STAND,20130819.0,20130918.0,4453.0,MFR,"BMW OF NORTH AMERICA, LLC",20140408.0
102062,14V065000,,BMW,R1200 R,2013,"BMW of North America, LLC",VEHICLE,ELECTRICAL SYSTEM,20121205.0,20130918.0,4453.0,MFR,"BMW OF NORTH AMERICA, LLC",20140408.0
102063,14V065000,,BMW,R1200 R,2013,"BMW of North America, LLC",VEHICLE,STRUCTURE:MOTORCYCLE KICKSTAND/CENTER STAND,20121205.0,20130918.0,4453.0,MFR,"BMW OF NORTH AMERICA, LLC",20140408.0
103121,14V211000,,BMW,R 1200 GS,2013,"BMW of North America, LLC",VEHICLE,POWER TRAIN:MANUAL TRANSMISSION,20121101.0,20130830.0,1420.0,MFR,"BMW OF NORTH AMERICA, LLC",20140617.0
104274,14V320000,,BMW,R1200 RT,2014,"BMW of North America, LLC",VEHICLE,SUSPENSION,20131127.0,20140505.0,950.0,MFR,"BMW OF NORTH AMERICA, LLC",20140811.0
115127,15V141000,,BMW,K 1200 R,2006,"BMW of North America, LLC",VEHICLE,WHEELS:LUGS/NUTS/BOLTS,20050121.0,20080318.0,43426.0,MFR,"BMW OF NORTH AMERICA, LLC",20150507.0
115130,15V141000,,BMW,K 1200 GT,2006,"BMW of North America, LLC",VEHICLE,WHEELS:LUGS/NUTS/BOLTS,20051128.0,20080404.0,43426.0,MFR,"BMW OF NORTH AMERICA, LLC",20150507.0
115131,15V141000,,BMW,K 1200 S,2006,"BMW of North America, LLC",VEHICLE,WHEELS:LUGS/NUTS/BOLTS,20040414.0,20080826.0,43426.0,MFR,"BMW OF NORTH AMERICA, LLC",20150507.0
115132,15V141000,,BMW,K 1200 S,2005,"BMW of North America, LLC",VEHICLE,WHEELS:LUGS/NUTS/BOLTS,20040414.0,20080826.0,43426.0,MFR,"BMW OF NORTH AMERICA, LLC",20150507.0
115133,15V141000,,BMW,K 1200 R,2008,"BMW of North America, LLC",VEHICLE,WHEELS:LUGS/NUTS/BOLTS,20050121.0,20080318.0,43426.0,MFR,"BMW OF NORTH AMERICA, LLC",20150507.0
115134,15V141000,,BMW,K 1200 R,2007,"BMW of North America, LLC",VEHICLE,WHEELS:LUGS/NUTS/BOLTS,20050121.0,20080318.0,43426.0,MFR,"BMW OF NORTH AMERICA, LLC",20150507.0
115140,15V141000,,BMW,R 1200 ST,2006,"BMW of North America, LLC",VEHICLE,WHEELS:LUGS/NUTS/BOLTS,20041021.0,20070615.0,43426.0,MFR,"BMW OF NORTH AMERICA, LLC",20150507.0
115141,15V141000,,BMW,R 1200 RT,2010,"BMW of North America, LLC",VEHICLE,WHEELS:LUGS/NUTS/BOLTS,20050127.0,20100329.0,43426.0,MFR,"BMW OF NORTH AMERICA, LLC",20150507.0
115142,15V141000,,BMW,R 1200 GS ADVENTURE,2010,"BMW of North America, LLC",VEHICLE,WHEELS:LUGS/NUTS/BOLTS,20051207.0,20100401.0,43426.0,MFR,"BMW OF NORTH AMERICA, LLC",20150507.0
115143,15V141000,,BMW,R 1200 R,2010,"BMW of North America, LLC",VEHICLE,WHEELS:LUGS/NUTS/BOLTS,20060830.0,20100209.0,43426.0,MFR,"BMW OF NORTH AMERICA, LLC",20150507.0
115145,15V141000,,BMW,K 1200 R SPORT,2007,"BMW of North America, LLC",VEHICLE,WHEELS:LUGS/NUTS/BOLTS,20060906.0,20070522.0,43426.0,MFR,"BMW OF NORTH AMERICA, LLC",20150507.0
115146,15V141000,,BMW,K 1200 S,2008,"BMW of North America, LLC",VEHICLE,WHEELS:LUGS/NUTS/BOLTS,20040414.0,20080826.0,43426.0,MFR,"BMW OF NORTH AMERICA, LLC",20150507.0
115147,15V141000,,BMW,K 1200 S,2007,"BMW of North America, LLC",VEHICLE,WHEELS:LUGS/NUTS/BOLTS,20040414.0,20080826.0,43426.0,MFR,"BMW OF NORTH AMERICA, LLC",20150507.0
115148,15V141000,,BMW,R 1200 GS,2010,"BMW of North America, LLC",VEHICLE,WHEELS:LUGS/NUTS/BOLTS,20040106.0,20100401.0,43426.0,MFR,"BMW OF NORTH AMERICA, LLC",20150507.0
115149,15V141000,,BMW,R 1200 S,2007,"BMW of North America, LLC",VEHICLE,WHEELS:LUGS/NUTS/BOLTS,20060330.0,20060927.0,43426.0,MFR,"BMW OF NORTH AMERICA, LLC",20150507.0
115151,15V141000,,BMW,R 1200 RT,2006,"BMW of North America, LLC",VEHICLE,WHEELS:LUGS/NUTS/BOLTS,20050127.0,20100329.0,43426.0,MFR,"BMW OF NORTH AMERICA, LLC",20150507.0
115152,15V141000,,BMW,R 1200 RT,2005,"BMW of North America, LLC",VEHICLE,WHEELS:LUGS/NUTS/BOLTS,20050127.0,20100329.0,43426.0,MFR,"BMW OF NORTH AMERICA, LLC",20150507.0
115153,15V141000,,BMW,R 1200 GS ADVENTURE,2008,"BMW of North America, LLC",VEHICLE,WHEELS:LUGS/NUTS/BOLTS,20051207.0,20100401.0,43426.0,MFR,"BMW OF NORTH AMERICA, LLC",20150507.0
115154,15V141000,,BMW,R 1200 GS ADVENTURE,2009,"BMW of North America, LLC",VEHICLE,WHEELS:LUGS/NUTS/BOLTS,20051207.0,20100401.0,43426.0,MFR,"BMW OF NORTH AMERICA, LLC",20150507.0
115155,15V141000,,BMW,R 1200 GS,2009,"BMW of North America, LLC",VEHICLE,WHEELS:LUGS/NUTS/BOLTS,20040106.0,20100401.0,43426.0,MFR,"BMW OF NORTH AMERICA, LLC",20150507.0
115156,15V141000,,BMW,R 1200 GS,2008,"BMW of North America, LLC",VEHICLE,WHEELS:LUGS/NUTS/BOLTS,20040106.0,20100401.0,43426.0,MFR,"BMW OF NORTH AMERICA, LLC",20150507.0
115157,15V141000,,BMW,R 1200 RT,2008,"BMW of North America, LLC",VEHICLE,WHEELS:LUGS/NUTS/BOLTS,20050127.0,20100329.0,43426.0,MFR,"BMW OF NORTH AMERICA, LLC",20150507.0
115158,15V141000,,BMW,R 1200 GS ADVENTURE,2007,"BMW of North America, LLC",VEHICLE,WHEELS:LUGS/NUTS/BOLTS,20051207.0,20100401.0,43426.0,MFR,"BMW OF NORTH AMERICA, LLC",20150507.0
115159,15V141000,,BMW,K 1200 GT,2007,"BMW of North America, LLC",VEHICLE,WHEELS:LUGS/NUTS/BOLTS,20051128.0,20080404.0,43426.0,MFR,"BMW OF NORTH AMERICA, LLC",20150507.0
115160,15V141000,,BMW,K 1200 GT,2008,"BMW of North America, LLC",VEHICLE,WHEELS:LUGS/NUTS/BOLTS,20051128.0,20080404.0,43426.0,MFR,"BMW OF NORTH AMERICA, LLC",20150507.0
115161,15V141000,,BMW,R 1200 RT,2007,"BMW of North America, LLC",VEHICLE,WHEELS:LUGS/NUTS/BOLTS,20050127.0,20100329.0,43426.0,MFR,"BMW OF NORTH AMERICA, LLC",20150507.0
115162,15V141000,,BMW,R 1200 RT,2009,"BMW of North America, LLC",VEHICLE,WHEELS:LUGS/NUTS/BOLTS,20050127.0,20100329.0,43426.0,MFR,"BMW OF NORTH AMERICA, LLC",20150507.0
115163,15V141000,,BMW,R 1200 R,2009,"BMW of North America, LLC",VEHICLE,WHEELS:LUGS/NUTS/BOLTS,20060830.0,20100209.0,43426.0,MFR,"BMW OF NORTH AMERICA, LLC",20150507.0
115164,15V141000,,BMW,R 1200 R,2008,"BMW of North America, LLC",VEHICLE,WHEELS:LUGS/NUTS/BOLTS,20060830.0,20100209.0,43426.0,MFR,"BMW OF NORTH AMERICA, LLC",20150507.0
115165,15V141000,,BMW,R 1200 R,2007,"BMW of North America, LLC",VEHICLE,WHEELS:LUGS/NUTS/BOLTS,20060830.0,20100209.0,43426.0,MFR,"BMW OF NORTH AMERICA, LLC",20150507.0
115166,15V141000,,BMW,R 1200 GS ADVENTURE,2006,"BMW of North America, LLC",VEHICLE,WHEELS:LUGS/NUTS/BOLTS,20051207.0,20100401.0,43426.0,MFR,"BMW OF NORTH AMERICA, LLC",20150507.0
115167,15V141000,,BMW,R 1200 GS,2005,"BMW of North America, LLC",VEHICLE,WHEELS:LUGS/NUTS/BOLTS,20040106.0,20100401.0,43426.0,MFR,"BMW OF NORTH AMERICA, LLC",20150507.0
115168,15V141000,,BMW,R 1200 GS,2007,"BMW of North America, LLC",VEHICLE,WHEELS:LUGS/NUTS/BOLTS,20040106.0,20100401.0,43426.0,MFR,"BMW OF NORTH AMERICA, LLC",20150507.0
115170,15V141000,,BMW,R 1200 ST,2007,"BMW of North America, LLC",VEHICLE,WHEELS:LUGS/NUTS/BOLTS,20041021.0,20070615.0,43426.0,MFR,"BMW OF NORTH AMERICA, LLC",20150507.0
115172,15V141000,,BMW,R 1200 GS,2006,"BMW of North America, LLC",VEHICLE,WHEELS:LUGS/NUTS/BOLTS,20040106.0,20100401.0,43426.0,MFR,"BMW OF NORTH AMERICA, LLC",20150507.0
115173,15V141000,,BMW,R 1200 ST,2005,"BMW of North America, LLC",VEHICLE,WHEELS:LUGS/NUTS/BOLTS,20041021.0,20070615.0,43426.0,MFR,"BMW OF NORTH AMERICA, LLC",20150507.0
119514,16V081000,,MERCEDES BENZ,C230,2007,"Mercedes-Benz USA, LLC.",VEHICLE,AIR BAGS:FRONTAL:DRIVER SIDE INFLATOR MODULE,20050204.0,20070308.0,711159.0,ODI,"MERCEDES-BENZ USA, LLC.",20161018.0
119515,16V081000,,MERCEDES BENZ,C230,2006,"Mercedes-Benz USA, LLC.",VEHICLE,AIR BAGS:FRONTAL:DRIVER SIDE INFLATOR MODULE,20050204.0,20070308.0,711159.0,ODI,"MERCEDES-BENZ USA, LLC.",20161018.0
119522,16V081000,,MERCEDES BENZ,C230,2005,"Mercedes-Benz USA, LLC.",VEHICLE,AIR BAGS:FRONTAL:DRIVER SIDE INFLATOR MODULE,20031118.0,20050617.0,711159.0,ODI,"MERCEDES-BENZ USA, LLC.",20161018.0
